name,link,price,category
PP BLACK GRANULES,https://www.plastic4trade.com/salepost-supplier/pp-black-granules-3/pp-off-grade-raffia,₹ 70,pp
CANE CAPE,https://www.plastic4trade.com/salepost-supplier/cane-cape-2/pp-prime-virgin-injection-molding,₹ 8,pp
PP RAFFIA GRANULES,https://www.plastic4trade.com/salepost-supplier/pp-raffia-granules-2/pp-lumps-raffia,₹ 35,pp
ALL TYPES PP DANA,https://www.plastic4trade.com/salepost-supplier/all-types-pp-dana-24/pp-reprocess-granule-injection-molding,₹ 65,pp
PP RAFFIA,https://www.plastic4trade.com/salepost-supplier/pp-raffia-11/pp-reprocess-granule-injection-molding,₹ 0,pp
COLOUR PP AND BLACK ABS,https://www.plastic4trade.com/salepost-supplier/colour-pp-and-black-abs/pp-scrap-mix-scrap,₹ 31,pp
ALL TYPES PP DANA,https://www.plastic4trade.com/salepost-supplier/all-types-pp-dana-22/pp-reprocess-granule-injection-molding,₹ 53,pp
PP BLACK GRANULES,https://www.plastic4trade.com/salepost-supplier/pp-black-granules-2/pp-reprocess-granule-injection-molding,₹ 47,pp
PP BLACK GRANULES,https://www.plastic4trade.com/salepost-supplier/pp-black-granules-1/pp-reprocess-granule-injection-molding,₹ 47,pp
FILLER MASTERBATCH,https://www.plastic4trade.com/salepost-supplier/filler-masterbatch/pp-filler-raffia,₹ 30,pp
PP RAFFIA BAG CEMENT,https://www.plastic4trade.com/salepost-supplier/pp-raffia-bag-cement/pp-rolls-raffia,₹ 20,pp
COLOR SORTER,https://www.plastic4trade.com/salepost-supplier/color-sorter/pp-reprocess-granule-mix-scrap,$ 12500,pp
PP RAFIYA SCRAP,https://www.plastic4trade.com/salepost-supplier/pp-rafiya-scrap-1/pp-grinding-raffia,₹ 30,pp
2000,https://www.plastic4trade.com/salepost-supplier/2000-2/pp-grinding-thermoforming,$ 25,pp
PP JUMBO BAG GRANULES,https://www.plastic4trade.com/salepost-supplier/pp-jumbo-bag-granules-2/pp-reprocess-granule-pipe,₹ 50,pp
P P  DANA/GRANUALS,https://www.plastic4trade.com/salepost-supplier/p-p--danagranuals-1/pp-resin-injection-molding,₹ 95,pp
PP POWDER MAMARI MIX,https://www.plastic4trade.com/salepost-supplier/pp-powder-mamari-mix/pp-powder-injection-molding,₹ 77,pp
BLACK PP 100% TAIRAN FULL STRENGTH,https://www.plastic4trade.com/salepost-supplier/black-pp-100-tairan-full-strength-3/pp-rolls-mix-scrap,$ 250,pp
BLACK PP 100% TAIRAN FULL STRENGTH,https://www.plastic4trade.com/salepost-supplier/black-pp-100-tairan-full-strength-2/pp-reprocess-granule-injection-molding,₹ 72,pp
BLACK PP 100% TAIRAN FULL STRENGTH,https://www.plastic4trade.com/salepost-supplier/black-pp-100-tairan-full-strength-1/pp-reprocess-granule-injection-molding,₹ 51,pp
PP BLACK GRANULES,https://www.plastic4trade.com/salepost-supplier/pp-black-granules/pp-off-grade-film-grade,₹ 42,pp
PP FILLER LUMS,https://www.plastic4trade.com/salepost-supplier/pp-filler-lums/pp-lumps-raffia,₹ 32,pp
PP NONWOVEN,https://www.plastic4trade.com/salepost-supplier/pp-nonwoven/pp-reprocess-granule-raffia,₹ 38,pp
PP RAFFIYA,https://www.plastic4trade.com/salepost-supplier/pp-raffiya-1/pp-stock-lots-raffia,₹ 20,pp
BLACK PP,https://www.plastic4trade.com/salepost-supplier/black-pp-21/pp-reprocess-granule-blow,₹ 49,pp
PP DANA,https://www.plastic4trade.com/salepost-supplier/pp-dana-23/pp-reprocess-granule-blow,₹ 52,pp
PP GRANULES,https://www.plastic4trade.com/salepost-supplier/pp-granules-53/pp-reprocess-granule-injection-molding,₹ 50,pp
BLACK PP GRANULES,https://www.plastic4trade.com/salepost-supplier/black-pp-granules-1/pp-reprocess-granule-injection-molding,₹ 50,pp
ALL  SCRAP,https://www.plastic4trade.com/salepost-supplier/all--scrap-11/pp-prime-virgin-injection-molding,₹ 120,pp
CURTAIN RING,https://www.plastic4trade.com/salepost-supplier/curtain-ring/pp-prime-virgin-injection-molding,₹ 50,pp
N PP,https://www.plastic4trade.com/salepost-supplier/n-pp/pp-reprocess-granule-injection-molding,₹ 76,pp
ALL TYPE PP/LDPE/HDPE SCRAP GRINDING,https://www.plastic4trade.com/salepost-supplier/all-type-ppldpehdpe-scrap-grinding-12/pp-grinding-injection-molding,₹ 44,pp
GRANUELS  AND SCRAP,https://www.plastic4trade.com/salepost-supplier/granuels--and-scrap-2/pp-reprocess-granule-raffia,₹ 58,pp
PP RAFFIA LUMPS,https://www.plastic4trade.com/salepost-supplier/pp-raffia-lumps-11/pp-lumps-roto-molding,₹ 123,pp
PP RAFFIA GRANULES,https://www.plastic4trade.com/salepost-supplier/pp-raffia-granules-1/pp-reprocess-granule-raffia,₹ 48,pp
PLASTIC DANA PP,https://www.plastic4trade.com/salepost-supplier/plastic-dana-pp/pp-reprocess-granule-injection-molding,₹ 60,pp
PP DUBBAN MOLDING GREAD DANA AVAILABLE,https://www.plastic4trade.com/salepost-supplier/pp-dubban-molding-gread-dana-available/pp-reprocess-granule-injection-molding,₹ 30,pp
ALL TYPE PP SCRAP GRINDING,https://www.plastic4trade.com/salepost-supplier/all-type-pp-scrap-grinding-42/pp-grinding-mix-scrap,₹ 35,pp
MIX PLASTIC SCRAP,https://www.plastic4trade.com/salepost-supplier/mix-plastic-scrap-10/pp-scrap-mix-scrap,₹ 35,pp
ALL GRINDING,https://www.plastic4trade.com/salepost-supplier/all-grinding-3/pp-grinding-mix-scrap,₹ 35,pp
JAMBO,https://www.plastic4trade.com/salepost-supplier/jambo/pp-floor-sweeping-raffia,₹ 27,pp
PP / PPCP,https://www.plastic4trade.com/salepost-supplier/pp--ppcp-1/pp-grinding-mix-scrap,₹ 50,pp
ALL TYPE PP/LDPE/HDPE SCRAP GRINDING,https://www.plastic4trade.com/salepost-supplier/all-type-ppldpehdpe-scrap-grinding-11/pp-reprocess-granule-injection-molding,₹ 1,pp
PP SABUDANA,https://www.plastic4trade.com/salepost-supplier/pp-sabudana/pp-off-grade-injection-molding,₹ 87,pp
PP RECYCLED GRANUELS DANA,https://www.plastic4trade.com/salepost-supplier/pp-recycled-granuels-dana-1/pp-reprocess-granule-blow,₹ 0,pp
COLOR PP,https://www.plastic4trade.com/salepost-supplier/color-pp-5/pp-reprocess-granule-injection-molding,₹ 55,pp
COLOR PP,https://www.plastic4trade.com/salepost-supplier/color-pp-4/pp-reprocess-granule-injection-molding,₹ 46,pp
PP GRANULES,https://www.plastic4trade.com/salepost-supplier/pp-granules-51/pp-reprocess-granule-injection-molding,₹ 70,pp
PP GULLA,https://www.plastic4trade.com/salepost-supplier/pp-gulla-2/pp-scrap-raffia,₹ 30,pp
PP SCRAP IN TAPE ROLL FORM,https://www.plastic4trade.com/salepost-supplier/pp-scrap-in-tape-roll-form/pp-stock-lots-raffia,₹ 70,pp
PP VIRGIN,https://www.plastic4trade.com/salepost-supplier/pp-virgin-3/pp-prime-virgin-injection-molding,₹ 89,pp
ALL TYPE PP SCRAP GRINDING,https://www.plastic4trade.com/salepost-supplier/all-type-pp-scrap-grinding-39/pp-grinding-injection-molding,₹ 28,pp
PP GRANULES,https://www.plastic4trade.com/salepost-supplier/pp-granules-50/pp-reprocess-granule-injection-molding,₹ 72,pp
POLYCARBONATE GRINDINGS INJECTION AND EXTRUSION GRADE,https://www.plastic4trade.com/salepost-supplier/polycarbonate-grindings-injection-and-extrusion-grade/pp-grinding-blow,₹ 52,pp
ALL TYPE PP SCRAP GRINDING,https://www.plastic4trade.com/salepost-supplier/all-type-pp-scrap-grinding-38/pp-reprocess-granule-mix-scrap,₹ 46,pp
PP NON-WOVEN,https://www.plastic4trade.com/salepost-supplier/pp-non-woven-3/pp-prime-virgin-blow,₹ 50,pp
PP RAFFIA,https://www.plastic4trade.com/salepost-supplier/pp-raffia-10/pp-reprocess-granule-raffia,₹ 45,pp
ALL TYPE PP/LDPE/HDPE SCRAP GRINDING,https://www.plastic4trade.com/salepost-supplier/all-type-ppldpehdpe-scrap-grinding-10/pp-mix-material-blow,₹ 85,pp
P P RAFFIA GULLA,https://www.plastic4trade.com/salepost-supplier/p-p-raffia-gulla-2/pp-grinding-raffia,₹ 35,pp
POLYPROPYLENE GRANULES,https://www.plastic4trade.com/salepost-supplier/polypropylene-granules-1/pp-prime-virgin-raffia,₹ 86,pp
NATURAL PP GRANULES,https://www.plastic4trade.com/salepost-supplier/natural-pp-granules-2/pp-reprocess-granule-injection-molding,₹ 72,pp
PP BROWN CHAIR GRANUALS,https://www.plastic4trade.com/salepost-supplier/pp-brown-chair-granuals/pp-reprocess-granule-injection-molding,₹ 33,pp
PP,https://www.plastic4trade.com/salepost-supplier/pp-39/pp-scrap-injection-molding,₹ 50,pp
PP BLACK,https://www.plastic4trade.com/salepost-supplier/pp-black-2/pp-scrap-mix-scrap,₹ 40,pp
PET LUMPS,https://www.plastic4trade.com/salepost-supplier/pet-lumps-5/pp-lumps-mix-scrap,₹ 150,pp
ALL TYPE PP SCRAP GRINDING,https://www.plastic4trade.com/salepost-supplier/all-type-pp-scrap-grinding-37/pp-scrap-injection-molding,₹ 85,pp
CP,https://www.plastic4trade.com/salepost-supplier/cp/pp-scrap-injection-molding,₹ 85,pp
PP NEXT TO VIRGIN GRANULES,https://www.plastic4trade.com/salepost-supplier/pp-next-to-virgin-granules-4/pp-reprocess-granule-injection-molding,₹ 77,pp
PP RAFFIA GULLA,https://www.plastic4trade.com/salepost-supplier/pp-raffia-gulla/pp-lumps-raffia,₹ 30,pp
NPP,https://www.plastic4trade.com/salepost-supplier/npp/pp-scrap-injection-molding,₹ 85,pp
PP,https://www.plastic4trade.com/salepost-supplier/pp-38/pp-grinding-mix-scrap,$ 061,pp
ALL TYPES PP DANA,https://www.plastic4trade.com/salepost-supplier/all-types-pp-dana-17/pp-reprocess-granule-raffia,₹ 45,pp
PP MIX COLOR SCRAP,https://www.plastic4trade.com/salepost-supplier/pp-mix-color-scrap-1/pp-grinding-mix-scrap,₹ 28,pp
PP ROLLS AND PP BAGS,https://www.plastic4trade.com/salepost-supplier/pp-rolls-and-pp-bags-1/pp-finish-goods-raffia,₹ 100,pp
ALL TYPE PP SCRAP GRINDING,https://www.plastic4trade.com/salepost-supplier/all-type-pp-scrap-grinding-36/pp-scrap-mix-scrap,₹ 42,pp
ALL TYPE PP SCRAP GRINDING,https://www.plastic4trade.com/salepost-supplier/all-type-pp-scrap-grinding-34/pp-grinding-injection-molding,₹ 35,pp
PP BLACK,https://www.plastic4trade.com/salepost-supplier/pp-black-1/pp-grinding-injection-molding,₹ 25,pp
SYRINGE GREY DANDI CUTTING RABBER MI,https://www.plastic4trade.com/salepost-supplier/syringe-grey-dandi-cutting-rabber-mi/pp-mix-material-mix-scrap,₹ 45,pp
PP DANA,https://www.plastic4trade.com/salepost-supplier/pp-dana-21/pp-filler-blow,₹ 69,pp
BLACK PP,https://www.plastic4trade.com/salepost-supplier/black-pp-20/pp-filler-film-grade,₹ 55,pp
PP BOROUGE RJ768MO,https://www.plastic4trade.com/salepost-supplier/pp-borouge-rj768mo/pp-prime-virgin-injection-molding,₹ 92,pp
WHITE PP NATURAL PP,https://www.plastic4trade.com/salepost-supplier/white-pp-natural-pp-1/pp-grinding-blow,₹ 22,pp
GRANUELS  AND SCRAP,https://www.plastic4trade.com/salepost-supplier/granuels--and-scrap-1/pp-grinding-injection-molding,₹ 59,pp
DUNNAGE AIR BAG,https://www.plastic4trade.com/salepost-supplier/dunnage-air-bag/pp-stock-lots-raffia,₹ 130,pp
PPHP BLACK,https://www.plastic4trade.com/salepost-supplier/pphp-black/pp-finish-goods-raffia,₹ 72,pp
PPCP BLACK,https://www.plastic4trade.com/salepost-supplier/ppcp-black-2/pp-finish-goods-mix-scrap,₹ 70,pp
WATER TANKS,https://www.plastic4trade.com/salepost-supplier/water-tanks-5/pp-off-grade-blow,₹ 2150,pp
PP OPAL MH13,https://www.plastic4trade.com/salepost-supplier/pp-opal-mh13/pp-prime-virgin-injection-molding,₹ 83,pp
PP RANDOM SRX100,https://www.plastic4trade.com/salepost-supplier/pp-random-srx100/pp-prime-virgin-injection-molding,₹ 96,pp
PP JUMBO GRINDING,https://www.plastic4trade.com/salepost-supplier/pp-jumbo-grinding/pp-grinding-mix-scrap,₹ 2,pp
LUMPS (GULLA),https://www.plastic4trade.com/salepost-supplier/lumps-gulla-2/pp-lumps-raffia,₹ 28,pp
PP BLACK,https://www.plastic4trade.com/salepost-supplier/pp-black/pp-reprocess-granule-cable,₹ 2,pp
PP / PPCP,https://www.plastic4trade.com/salepost-supplier/pp--ppcp/pp-grinding-mix-scrap,₹ 00000,pp
POLYPROPYLENE GRANULES,https://www.plastic4trade.com/salepost-supplier/polypropylene-granules/pp-reprocess-granule-injection-molding,₹ 9,pp
PP LUMPS,https://www.plastic4trade.com/salepost-supplier/pp-lumps-17/pp-mix-material-mix-scrap,₹ 1000,pp
MILKY PP,https://www.plastic4trade.com/salepost-supplier/milky-pp-2/pp-reprocess-granule-injection-molding,₹ 80,pp
PP RECYCLED GRANUELS DANA,https://www.plastic4trade.com/salepost-supplier/pp-recycled-granuels-dana/pp-reprocess-granule-raffia,₹ 45,pp
HD BLOW,https://www.plastic4trade.com/salepost-supplier/hd-blow-35/pp-scrap-blow,₹ 62,pp
WATER TANKS,https://www.plastic4trade.com/salepost-supplier/water-tanks-3/pp-off-grade-injection-molding,₹ 2200,pp
PP JUMBO BAG GRANULES,https://www.plastic4trade.com/salepost-supplier/pp-jumbo-bag-granules-1/pp-reprocess-granule-mix-scrap,₹ 2,pp
PP BLACK JUMBO GRANULES,https://www.plastic4trade.com/salepost-supplier/pp-black-jumbo-granules/pp-reprocess-granule-raffia,$ 615,pp
ALL PLASTIC,https://www.plastic4trade.com/salepost-supplier/all-plastic-39/pp-scrap-blow,₹ 65,pp
RECYCLED PP GRANULES,https://www.plastic4trade.com/salepost-supplier/recycled-pp-granules/pp-reprocess-granule-extrusion,$ 800,pp
COLOUR PP,https://www.plastic4trade.com/salepost-supplier/colour-pp-8/pp-grinding-injection-molding,₹ 1,pp
BLACK PP,https://www.plastic4trade.com/salepost-supplier/black-pp-19/pp-mix-material-mix-scrap,₹ 38,pp
NATURAL PP GRANULES,https://www.plastic4trade.com/salepost-supplier/natural-pp-granules-1/pp-grinding-injection-molding,₹ 80,pp
PP AND LUMPS,https://www.plastic4trade.com/salepost-supplier/pp-and-lumps-3/pp-lumps-raffia,₹ 29,pp
ALL TYPE PP SCRAP GRINDING,https://www.plastic4trade.com/salepost-supplier/all-type-pp-scrap-grinding-29/pp-grinding-injection-molding,₹ 48,pp
RAFYA SCARP,https://www.plastic4trade.com/salepost-supplier/rafya-scarp/pp-baled-raffia,₹ 1,pp
PP AND LUMPS,https://www.plastic4trade.com/salepost-supplier/pp-and-lumps-2/pp-lumps-raffia,₹ 31,pp
LUMPS (GULLA),https://www.plastic4trade.com/salepost-supplier/lumps-gulla-1/pp-lumps-raffia,₹ 30,pp
COLOR PP REPROCESSED GRANULES,https://www.plastic4trade.com/salepost-supplier/color-pp-reprocessed-granules-10/pp-reprocess-granule-injection-molding,₹ 62,pp
BLACK PP&GARYY PP DANA,https://www.plastic4trade.com/salepost-supplier/black-ppgaryy-pp-dana/pp-reprocess-granule-injection-molding,₹ 32,pp
PP THANA,https://www.plastic4trade.com/salepost-supplier/pp-thana/pp-scrap-injection-molding,₹ 76,pp
ALL PLASTIC,https://www.plastic4trade.com/salepost-supplier/all-plastic-36/pp-mix-material-mix-scrap,₹ 45,pp
RP PLASTIC SUTLI,https://www.plastic4trade.com/salepost-supplier/rp-plastic-sutli/pp-off-grade-raffia,₹ 1,pp
COLOR PP,https://www.plastic4trade.com/salepost-supplier/color-pp-3/pp-grinding-injection-molding,₹ 31,pp
MIX PLASTIC SCRAP,https://www.plastic4trade.com/salepost-supplier/mix-plastic-scrap-7/pp-scrap-mix-scrap,₹ 25,pp
HD. HM. LLDP,https://www.plastic4trade.com/salepost-supplier/hd-hm-lldp-8/pp-rolls-film-grade,₹ 110,pp
PP NEXT TO VIRGIN GRANULES,https://www.plastic4trade.com/salepost-supplier/pp-next-to-virgin-granules-3/pp-prime-virgin-injection-molding,₹ 78,pp
LUMPS (GULLA),https://www.plastic4trade.com/salepost-supplier/lumps-gulla/pp-lumps-raffia,₹ 26,pp
SEPERATE COLOUR P.P FLAKES,https://www.plastic4trade.com/salepost-supplier/seperate-colour-pp-flakes/pp-flacks-mix-scrap,₹ 50,pp
ALL TYPE PP SCRAP GRINDING,https://www.plastic4trade.com/salepost-supplier/all-type-pp-scrap-grinding-27/pp-grinding-injection-molding,₹ 56,pp
FRESH PP WASHING  BLUE,https://www.plastic4trade.com/salepost-supplier/fresh-pp-washing--blue/pp-mix-material-mix-scrap,₹ 56,pp
SHORT BODY,https://www.plastic4trade.com/salepost-supplier/short-body/pp-prime-virgin-injection-molding,₹ 13,pp
ALL TYPES PP DANA,https://www.plastic4trade.com/salepost-supplier/all-types-pp-dana-14/pp-reprocess-granule-raffia,₹ 35,pp
SCRAP RAFIYA PP,https://www.plastic4trade.com/salepost-supplier/scrap-rafiya-pp-8/pp-scrap-injection-molding,₹ 19,pp
PP MOLDING,https://www.plastic4trade.com/salepost-supplier/pp-molding/pp-prime-virgin-injection-molding,₹ 1,pp
TFO ROLL,https://www.plastic4trade.com/salepost-supplier/tfo-roll/pp-prime-virgin-raffia,₹ 50,pp
PPCP GRANULES,https://www.plastic4trade.com/salepost-supplier/ppcp-granules-11/pp-off-grade-injection-molding,₹ 94,pp
PP RAFFIA LUMPS,https://www.plastic4trade.com/salepost-supplier/pp-raffia-lumps-9/pp-lumps-raffia,₹ 25,pp
BLACK PP,https://www.plastic4trade.com/salepost-supplier/black-pp-18/pp-prime-virgin-injection-molding,₹ 51,pp
PP LUMPS,https://www.plastic4trade.com/salepost-supplier/pp-lumps-16/pp-lumps-raffia,₹ 32,pp
SCRAP RAFIYA PP,https://www.plastic4trade.com/salepost-supplier/scrap-rafiya-pp-7/pp-scrap-raffia,₹ 22,pp
PP RAFFIA PROCESS,https://www.plastic4trade.com/salepost-supplier/pp-raffia-process/pp-reprocess-granule-raffia,₹ 1,pp
ALL TYPE PP SCRAP GRINDING,https://www.plastic4trade.com/salepost-supplier/all-type-pp-scrap-grinding-26/pp-scrap-injection-molding,₹ 45,pp
PP BLCK,https://www.plastic4trade.com/salepost-supplier/pp-blck-3/pp-grinding-injection-molding,₹ 33,pp
PP,https://www.plastic4trade.com/salepost-supplier/pp-35/pp-reprocess-granule-raffia,₹ 1,pp
ALL PLASTIC DANA,https://www.plastic4trade.com/salepost-supplier/all-plastic-dana-10/pp-prime-virgin-injection-molding,₹ 60,pp
ALL TYPE PP SCRAP GRINDING,https://www.plastic4trade.com/salepost-supplier/all-type-pp-scrap-grinding-25/pp-grinding-mix-scrap,₹ 35,pp
RAFFIA LUMPS,https://www.plastic4trade.com/salepost-supplier/raffia-lumps-3/pp-lumps-raffia,₹ 30,pp
BLACK PP,https://www.plastic4trade.com/salepost-supplier/black-pp-17/pp-grinding-pipe,$ 840,pp
"NYLON 6 NATURAL,MILKY, BLACK.",https://www.plastic4trade.com/salepost-supplier/nylon-6-naturalmilky-black/pp-prime-virgin-injection-molding,₹ 104,pp
AYUSH JAIN,https://www.plastic4trade.com/salepost-supplier/ayush-jain/pp-mix-material-mix-scrap,₹ 82,pp
PP RAFFIA LUMPS & GRANULES,https://www.plastic4trade.com/salepost-supplier/pp-raffia-lumps--granules/pp-lumps-raffia,₹ 42,pp
NATURAL PP GRANULES,https://www.plastic4trade.com/salepost-supplier/natural-pp-granules/pp-reprocess-granule-injection-molding,₹ 85,pp
COLOR PP REPROCESSED GRANULES,https://www.plastic4trade.com/salepost-supplier/color-pp-reprocessed-granules-9/pp-reprocess-granule-injection-molding,₹ 53,pp
COLOR PP REPROCESSED GRANULES,https://www.plastic4trade.com/salepost-supplier/color-pp-reprocessed-granules-8/pp-reprocess-granule-injection-molding,₹ 53,pp
COLOR PP REPROCESSED GRANULES,https://www.plastic4trade.com/salepost-supplier/color-pp-reprocessed-granules-7/pp-reprocess-granule-injection-molding,₹ 53,pp
COLOR PP REPROCESSED GRANULES,https://www.plastic4trade.com/salepost-supplier/color-pp-reprocessed-granules-5/pp-reprocess-granule-injection-molding,₹ 53,pp
PP RAFFIA GRADE GRANULES,https://www.plastic4trade.com/salepost-supplier/pp-raffia-grade-granules/pp-reprocess-granule-injection-molding,₹ 50,pp
PP BLCK,https://www.plastic4trade.com/salepost-supplier/pp-blck-2/pp-grinding-injection-molding,₹ 28,pp
BLACK PP,https://www.plastic4trade.com/salepost-supplier/black-pp-16/pp-reprocess-granule-injection-molding,₹ 38,pp
ALL TYPES PP DANA,https://www.plastic4trade.com/salepost-supplier/all-types-pp-dana-13/pp-prime-virgin-film-grade,₹ 96,pp
ALL TYPE PP/HDPE SCRAP GRINDING,https://www.plastic4trade.com/salepost-supplier/all-type-pphdpe-scrap-grinding-12/pp-grinding-injection-molding,₹ 99,pp
PP GRAY,https://www.plastic4trade.com/salepost-supplier/pp-gray/pp-reprocess-granule-injection-molding,₹ 22,pp
CHAI CHHANNI & 1 LTR.MUG,https://www.plastic4trade.com/salepost-supplier/chai-chhanni--1-ltrmug/pp-prime-virgin-injection-molding,₹ 7,pp
PP SUTLI (DORI),https://www.plastic4trade.com/salepost-supplier/pp-sutli-dori/pp-off-grade-blow,₹ 60,pp
BLACK PP CP GRANULES,https://www.plastic4trade.com/salepost-supplier/black-pp-cp-granules-5/pp-reprocess-granule-injection-molding,₹ 40,pp
PP RAFFIA GRANULES,https://www.plastic4trade.com/salepost-supplier/pp-raffia-granules/pp-reprocess-granule-raffia,₹ 62,pp
BOPP WHITE GRANULES,https://www.plastic4trade.com/salepost-supplier/bopp-white-granules/pp-reprocess-granule-injection-molding,₹ 95,pp
BOPP SUPER NATURAL,https://www.plastic4trade.com/salepost-supplier/bopp-super-natural/pp-reprocess-granule-injection-molding,₹ 95,pp
ALL TYPES PP DANA,https://www.plastic4trade.com/salepost-supplier/all-types-pp-dana-12/pp-reprocess-granule-roto-molding,₹ 68,pp
BLACK PP,https://www.plastic4trade.com/salepost-supplier/black-pp-15/pp-reprocess-granule-injection-molding,₹ 55,pp
ALL TYPE PP SCRAP GRINDING,https://www.plastic4trade.com/salepost-supplier/all-type-pp-scrap-grinding-24/pp-grinding-roto-molding,₹ 50,pp
PP JUMBO DANA,https://www.plastic4trade.com/salepost-supplier/pp-jumbo-dana/pp-reprocess-granule-raffia,₹ 58,pp
PP AND LUMPS,https://www.plastic4trade.com/salepost-supplier/pp-and-lumps-1/pp-lumps-injection-molding,₹ 32,pp
PP GRANULES,https://www.plastic4trade.com/salepost-supplier/pp-granules-44/pp-reprocess-granule-raffia,₹ 50,pp
RECYCLE PP POLYPROPYLENE,https://www.plastic4trade.com/salepost-supplier/recycle-pp-polypropylene/pp-scrap-injection-molding,$ 830,pp
BLACK PP,https://www.plastic4trade.com/salepost-supplier/black-pp-14/pp-reprocess-granule-injection-molding,₹ 22,pp
ALL TYPE PP SCRAP GRINDING,https://www.plastic4trade.com/salepost-supplier/all-type-pp-scrap-grinding-22/pp-scrap-raffia,₹ 100,pp
PP GRANULES,https://www.plastic4trade.com/salepost-supplier/pp-granules-43/pp-reprocess-granule-film-grade,₹ 60,pp
BLACK PP GRANULES,https://www.plastic4trade.com/salepost-supplier/black-pp-granules/pp-reprocess-granule-injection-molding,₹ 70,pp
PP LUMPS POST,https://www.plastic4trade.com/salepost-supplier/pp-lumps-post-4/pp-lumps-raffia,₹ 31,pp
PP GREY GRANULES,https://www.plastic4trade.com/salepost-supplier/pp-grey-granules-1/pp-reprocess-granule-injection-molding,₹ 65,pp
PP GRANULES,https://www.plastic4trade.com/salepost-supplier/pp-granules-42/pp-reprocess-granule-injection-molding,₹ 41,pp
PPCP BLACK GRANULES,https://www.plastic4trade.com/salepost-supplier/ppcp-black-granules/pp-reprocess-granule-extrusion,₹ 59,pp
MILKY PP GRANULES,https://www.plastic4trade.com/salepost-supplier/milky-pp-granules/pp-reprocess-granule-extrusion,₹ 68,pp
ALL TYPES PP DANA,https://www.plastic4trade.com/salepost-supplier/all-types-pp-dana-10/pp-reprocess-granule-extrusion,₹ 50,pp
WHITE PP SCRAP,https://www.plastic4trade.com/salepost-supplier/all-type-pp-scrap-grinding-5/pp-grinding-injection-molding,₹ 33,pp
ALL TYPES PP DANA,https://www.plastic4trade.com/salepost-supplier/pp-natural-18/pp-grinding-injection-molding,₹ 91,pp
PP LUMPS,https://www.plastic4trade.com/salepost-supplier/pp-lumps-13/pp-lumps-raffia,₹ 31,pp
NYLON 6 GLASS BLACK,https://www.plastic4trade.com/salepost-supplier/black-pp-6/pp-scrap-injection-molding,₹ 652,pp
DATA CABLE,https://www.plastic4trade.com/salepost-supplier/data-cable/pp-mix-material-cable,$ 1,pp
PP GRANULES,https://www.plastic4trade.com/salepost-supplier/pp-granules-41/pp-reprocess-granule-injection-molding,₹ 70,pp
CHAIR GRINDING,https://www.plastic4trade.com/salepost-supplier/chair-grinding-1/pp-grinding-extrusion,₹ 38,pp
"BLACK PP , HDPE BLOW MOULDING",https://www.plastic4trade.com/salepost-supplier/black-pp--hdpe-blow-moulding-1/pp-grinding-injection-molding,₹ 26,pp
COLOR PP,https://www.plastic4trade.com/salepost-supplier/color-pp-2/pp-reprocess-granule-injection-molding,₹ 58,pp
PP GRANULES,https://www.plastic4trade.com/salepost-supplier/pp-granules-40/pp-reprocess-granule-injection-molding,₹ 35,pp
PP LUMPS GRINDING,https://www.plastic4trade.com/salepost-supplier/pp-lumps-grinding/pp-grinding-mix-scrap,₹ 88,pp
ALL TYPE PP SCRAP GRINDING,https://www.plastic4trade.com/salepost-supplier/all-type-pp-scrap-grinding-21/pp-resin-injection-molding,₹ 1,pp
PP MIILKY GRANULES,https://www.plastic4trade.com/salepost-supplier/pp-miilky-granules-1/pp-reprocess-granule-raffia,₹ 69,pp
WHITE POLY,https://www.plastic4trade.com/salepost-supplier/white-poly/pp-reprocess-granule-extrusion,₹ 88,pp
POLY,https://www.plastic4trade.com/salepost-supplier/poly/pp-reprocess-granule-extrusion,₹ 73,pp
PP VIRGIN,https://www.plastic4trade.com/salepost-supplier/pp-virgin-2/pp-off-grade-blow,₹ 97,pp
ALL TYPE PP SCRAP GRINDING,https://www.plastic4trade.com/salepost-supplier/all-type-pp-scrap-grinding-20/pp-reprocess-granule-injection-molding,$ 950,pp
SAFTY CORNER AND ALL TYPE PLASTIC PRODUC,https://www.plastic4trade.com/salepost-supplier/safty-corner-and-all-type-plastic-produc/pp-reprocess-granule-raffia,₹ 0045,pp
ANGURI GRANULES LDPE,https://www.plastic4trade.com/salepost-supplier/cement-bags-reprocessed-granuals/pp-reprocess-granule-raffia,₹ 60,pp
PP GRINDING,https://www.plastic4trade.com/salepost-supplier/pp-grinding-14/pp-grinding-injection-molding,₹ 46,pp
PP,https://www.plastic4trade.com/salepost-supplier/pp-33/pp-prime-virgin-injection-molding,₹ 96,pp
ALL PLASTIC DANA,https://www.plastic4trade.com/salepost-supplier/all-plastic-dana-8/pp-mix-material-pipe,₹ 54,pp
MIX PLASTIC SCRAP,https://www.plastic4trade.com/salepost-supplier/mix-plastic-scrap-2/pp-grinding-mix-scrap,₹ 30,pp
BROOMS HANDLE,https://www.plastic4trade.com/salepost-supplier/brooms-handle-3/pp-rolls-film-grade,$ 2004,pp
PLASTIC GRANULES,https://www.plastic4trade.com/salepost-supplier/plastic-granules-2/pp-reprocess-granule-injection-molding,₹ 60,pp
PP GRINDING,https://www.plastic4trade.com/salepost-supplier/pp-grinding-13/pp-grinding-injection-molding,₹ 29,pp
PP DANA,https://www.plastic4trade.com/salepost-supplier/pp-dana-20/pp-reprocess-granule-injection-molding,₹ 88,pp
PP VIRGIN,https://www.plastic4trade.com/salepost-supplier/pp-virgin-1/pp-prime-virgin-injection-molding,₹ 108,pp
PP WHITE,https://www.plastic4trade.com/salepost-supplier/pp-white-1/pp-finish-goods-injection-molding,$ 1,pp
BLACK PP CP GRANULES,https://www.plastic4trade.com/salepost-supplier/black-pp-cp-granules-4/pp-reprocess-granule-injection-molding,₹ 45,pp
ABS GRANULES,https://www.plastic4trade.com/salepost-supplier/all-type-pp-scrap-grinding-4/pp-scrap-raffia,₹ 40,pp
ALL PLASTIC DANA,https://www.plastic4trade.com/salepost-supplier/all-plastic-dana-7/pp-reprocess-granule-injection-molding,₹ 85,pp
RECYCLED PP,https://www.plastic4trade.com/salepost-supplier/recycled-pp/pp-resin-film-grade,£ 2900,pp
PP JUMBO BAGS SCRAP,https://www.plastic4trade.com/salepost-supplier/pp-jumbo-bags-scrap-6/pp-scrap-blow,₹ 52,pp
REPROCESSED  GRANULES PP,https://www.plastic4trade.com/salepost-supplier/reprocessed--granules-pp/pp-reprocess-granule-injection-molding,₹ 43,pp
PP MONO FILAMENT YARN,https://www.plastic4trade.com/salepost-supplier/pp-mono-filament-yarn/pp-stock-lots-monofilament,₹ 90,pp
MILKY PP LUMPS (GATHA),https://www.plastic4trade.com/salepost-supplier/milky-pp-lumps-gatha/pp-lumps-extrusion,₹ 28,pp
PP AND LUMPS,https://www.plastic4trade.com/salepost-supplier/pp-and-lumps/pp-lumps-raffia,₹ 40,pp
BLACK ABS,https://www.plastic4trade.com/salepost-supplier/black-abs-4/pp-mix-material-mix-scrap,₹ 20,pp
PP LUMPS,https://www.plastic4trade.com/salepost-supplier/pp-lumps-12/pp-lumps-raffia,₹ 36,pp
PP LUMPS,https://www.plastic4trade.com/salepost-supplier/pp-lumps-11/pp-lumps-raffia,₹ 50,pp
PP GREY GRANULES,https://www.plastic4trade.com/salepost-supplier/pp-grey-granules/pp-reprocess-granule-injection-molding,₹ 9,pp
PP SILVER GRANULES,https://www.plastic4trade.com/salepost-supplier/pp-silver-granules/pp-reprocess-granule-injection-molding,₹ 9,pp
WALL PLUG,https://www.plastic4trade.com/salepost-supplier/wall-plug/pp-prime-virgin-injection-molding,₹ 25,pp
PP PROCESS GRANULES,https://www.plastic4trade.com/salepost-supplier/pp-process-granules-2/pp-reprocess-granule-injection-molding,₹ 90,pp
ALL TYPES PP DANA,https://www.plastic4trade.com/salepost-supplier/all-types-pp-dana-8/pp-grinding-raffia,₹ 45,pp
ALL PLASTIC,https://www.plastic4trade.com/salepost-supplier/all-plastic-24/pp-reprocess-granule-injection-molding,₹ 80,pp
PP MIILKY GRANULES,https://www.plastic4trade.com/salepost-supplier/pp-miilky-granules/pp-reprocess-granule-injection-molding,₹ 9,pp
PP BAG,https://www.plastic4trade.com/salepost-supplier/pp-bag-10/pp-scrap-raffia,₹ 25,pp
PP DANA,https://www.plastic4trade.com/salepost-supplier/pp-dana-19/pp-reprocess-granule-raffia,₹ 50,pp
PP RAFFIA WASHING,https://www.plastic4trade.com/salepost-supplier/pp-raffia-washing/pp-grinding-raffia,₹ 28,pp
BROWN PAPER PRINT,https://www.plastic4trade.com/salepost-supplier/brown-paper-print/pp-reprocess-granule-injection-molding,₹ 55,pp
PAPER PP DANA,https://www.plastic4trade.com/salepost-supplier/paper-pp-dana/pp-reprocess-granule-injection-molding,₹ 68,pp
COLOR PP,https://www.plastic4trade.com/salepost-supplier/color-pp/pp-reprocess-granule-injection-molding,₹ 90,pp
CEP,https://www.plastic4trade.com/salepost-supplier/cep-2/pp-grinding-film-grade,₹ 55,pp
MILKY PP,https://www.plastic4trade.com/salepost-supplier/milky-pp-1/pp-reprocess-granule-blow,$ 800,pp
PP NON-WOVEN,https://www.plastic4trade.com/salepost-supplier/pp-non-woven-2/pp-reprocess-granule-injection-molding,₹ 1,pp
PP GRANULES,https://www.plastic4trade.com/salepost-supplier/pp-granules-36/pp-reprocess-granule-injection-molding,₹ 55,pp
RAFFIA SCRAP,https://www.plastic4trade.com/salepost-supplier/raffia-scrap/pp-baled-raffia,₹ 25,pp
PP BLCK,https://www.plastic4trade.com/salepost-supplier/pp-blck-1/pp-reprocess-granule-injection-molding,₹ 38,pp
CHAIR GRINDING,https://www.plastic4trade.com/salepost-supplier/chair-grinding/pp-grinding-injection-molding,₹ 46,pp
PP RAFFIA LUMPS,https://www.plastic4trade.com/salepost-supplier/pp-raffia-lumps-10/pp-lumps-raffia,₹ 40,pp
PP RAFFIA LUMPS,https://www.plastic4trade.com/salepost-supplier/pp-raffia-lumps-10/pp-lumps-raffia,₹ 30,pp
PP GRANULES,https://www.plastic4trade.com/salepost-supplier/pp-granules-35/pp-reprocess-granule-extrusion,$ 80,pp
AGARBATHI COVERS,https://www.plastic4trade.com/salepost-supplier/agarbathi-covers/pp-finish-goods-film-grade,₹ 149,pp
ALL TYPE PP/HDPE SCRAP GRINDING,https://www.plastic4trade.com/salepost-supplier/all-type-pphdpe-scrap-grinding-11/pp-scrap-injection-molding,₹ 28,pp
ALL TYPE PP/LDPE/HDPE SCRAP GRINDING,https://www.plastic4trade.com/salepost-supplier/all-type-ppldpehdpe-scrap-grinding-5/pp-scrap-injection-molding,₹ 30,pp
SANITARY COMPONENTS,https://www.plastic4trade.com/salepost-supplier/sanitary-components/pp-prime-virgin-injection-molding,₹ 1,pp
GRANULES LD,https://www.plastic4trade.com/salepost-supplier/granules-ld-1/pp-prime-virgin-injection-molding,₹ 500,pp
PP GRANULES,https://www.plastic4trade.com/salepost-supplier/pp-granules-33/pp-reprocess-granule-injection-molding,₹ 43,pp
PP GRINDING,https://www.plastic4trade.com/salepost-supplier/pp-grinding-12/pp-flacks-mix-scrap,₹ 36,pp
PPCP BLACK,https://www.plastic4trade.com/salepost-supplier/ppcp-black/pp-reprocess-granule-mix-scrap,₹ 55,pp
MASTERBATCH,https://www.plastic4trade.com/salepost-supplier/masterbatch-1/pp-prime-virgin-injection-molding,₹ 300,pp
PP BAG,https://www.plastic4trade.com/salepost-supplier/pp-bag-9/pp-prime-virgin-film-grade,₹ 1,pp
PP WOVEN BAG,https://www.plastic4trade.com/salepost-supplier/pp-woven-bag-2/pp-prime-virgin-raffia,₹ 12,pp
PP WOVEN BAG,https://www.plastic4trade.com/salepost-supplier/pp-25/pp-stock-lots-roto-molding,₹ 58,pp
BLACK PP CP GRANULES,https://www.plastic4trade.com/salepost-supplier/black-pp-cp-granules-2/pp-reprocess-granule-injection-molding,₹ 75,pp
WOVEN BAG,https://www.plastic4trade.com/salepost-supplier/woven-bag/pp-finish-goods-raffia,₹ 10,pp
PLASTIC,https://www.plastic4trade.com/salepost-supplier/plastic-6/pp-grinding-injection-molding,₹ 70,pp
PP FILTER,https://www.plastic4trade.com/salepost-supplier/pp-filter/pp-scrap-extrusion,₹ 25,pp
PP RAFIYA LUMPS,https://www.plastic4trade.com/salepost-supplier/pp-rafiya-lumps/pp-lumps-injection-molding,₹ 32,pp
PP GRANULES,https://www.plastic4trade.com/salepost-supplier/pp-granules-32/pp-reprocess-granule-injection-molding,$ 640,pp
PP GRANULES,https://www.plastic4trade.com/salepost-supplier/pp-granules-31/pp-reprocess-granule-injection-molding,₹ 100,pp
M12RR,https://www.plastic4trade.com/salepost-supplier/m12rr/pp-prime-virgin-injection-molding,₹ 105,pp
PLASTIC CLEANING PRODUCTS,https://www.plastic4trade.com/salepost-supplier/plastic-cleaning-products/pp-floor-sweeping-injection-molding,₹ 15,pp
SCRAP PP JUMBO BAG,https://www.plastic4trade.com/salepost-supplier/scrap-pp-jumbo-bag/pp-baled-blow,₹ 63,pp
PP GRANULES,https://www.plastic4trade.com/salepost-supplier/pp-granules-30/pp-reprocess-granule-film-grade,₹ 95,pp
JUMBO,https://www.plastic4trade.com/salepost-supplier/jumbo/pp-finish-goods-raffia,₹ 500,pp
PP LUMPS,https://www.plastic4trade.com/salepost-supplier/pp-lumps-9/pp-lumps-raffia,₹ 35,pp
HD PP POWDER,https://www.plastic4trade.com/salepost-supplier/hd-pp-powder-1/pp-powder-monofilament,₹ 74,pp
MILKY PP,https://www.plastic4trade.com/salepost-supplier/milky-pp/pp-scrap-blow,₹ 50,pp
PP RAFFIA LUMPS,https://www.plastic4trade.com/salepost-supplier/pp-raffia-lumps-8/pp-lumps-raffia,₹ 29,pp
PP DANA,https://www.plastic4trade.com/salepost-supplier/pp-dana-16/pp-prime-virgin-injection-molding,$ 100,pp
ALL TYPE PP SCRAP GRINDING,https://www.plastic4trade.com/salepost-supplier/all-type-pp-scrap-grinding-13/pp-prime-virgin-film-grade,₹ 95,pp
BLACK PP DUBBAN DANA,https://www.plastic4trade.com/salepost-supplier/black-pp-dubban-dana-1/pp-grinding-mix-scrap,₹ 40,pp
PP,https://www.plastic4trade.com/salepost-supplier/pp-28/pp-reprocess-granule-extrusion,₹ 78,pp
PP TERAN DANA,https://www.plastic4trade.com/salepost-supplier/pp-teran-dana/pp-reprocess-granule-injection-molding,₹ 52,pp
PP SCREP,https://www.plastic4trade.com/salepost-supplier/pp-screp-2/pp-grinding-mix-scrap,₹ 55,pp
ALL PLASTIC SCRAP,https://www.plastic4trade.com/salepost-supplier/all-plastic-scrap-3/pp-scrap-raffia,₹ 58,pp
PP DANA,https://www.plastic4trade.com/salepost-supplier/pp-dana-15/pp-reprocess-granule-injection-molding,₹ 66,pp
BLACK PP,https://www.plastic4trade.com/salepost-supplier/black-pp-9/pp-reprocess-granule-roto-molding,₹ 60,pp
ALL PLASTIC,https://www.plastic4trade.com/salepost-supplier/all-plastic-20/pp-scrap-mix-scrap,₹ 5,pp
PS GRANULES,https://www.plastic4trade.com/salepost-supplier/all-type-ppldpehdpe-scrap-grinding-4/pp-reprocess-granule-raffia,₹ 85,pp
PP LUMPS,https://www.plastic4trade.com/salepost-supplier/pp-lumps-6/pp-lumps-injection-molding,₹ 28,pp
PP GULLA,https://www.plastic4trade.com/salepost-supplier/pp-gulla/pp-lumps-raffia,₹ 32,pp
ALL PLASTIC,https://www.plastic4trade.com/salepost-supplier/all-plastic-32/pp-grinding-blow,₹ 40,pp
RAFIYA PP GRAY LUMPS,https://www.plastic4trade.com/salepost-supplier/rafiya-pp-gray-lumps/pp-lumps-injection-molding,₹ 35,pp
FREIGHT FORWARDING COMPANY,https://www.plastic4trade.com/salepost-supplier/freight-forwarding-company/pp-mix-material-blow,₹ 1,pp
PP LUMPS,https://www.plastic4trade.com/salepost-supplier/pp-lumps-7/pp-lumps-raffia,₹ 26,pp
HD PP POWDER,https://www.plastic4trade.com/salepost-supplier/hd-pp-powder/pp-off-grade-monofilament,₹ 1,pp
PP LUMPS,https://www.plastic4trade.com/salepost-supplier/pp-lumps-4/pp-lumps-raffia,₹ 26,pp
PP RAFFIYA DANA,https://www.plastic4trade.com/salepost-supplier/pp-raffiya-dana-5/pp-reprocess-granule-raffia,₹ 35,pp
PP + CHAIR MIX GRANULES,https://www.plastic4trade.com/salepost-supplier/pp-+-chair-mix-granules/pp-reprocess-granule-injection-molding,₹ 35,pp
PP GULLA,https://www.plastic4trade.com/salepost-supplier/pp-gulla-1/pp-lumps-injection-molding,₹ 30,pp
ALL TYPE PP SCRAP GRINDING,https://www.plastic4trade.com/salepost-supplier/all-type-pp-scrap-grinding-10/pp-grinding-injection-molding,₹ 44,pp
BLACK PP,https://www.plastic4trade.com/salepost-supplier/black-pp-8/pp-grinding-mix-scrap,₹ 25,pp
PP BAG,https://www.plastic4trade.com/salepost-supplier/pp-bag-8/pp-scrap-raffia,₹ 25,pp
PP PROCESS GRANULES,https://www.plastic4trade.com/salepost-supplier/pp-process-granules-1/pp-reprocess-granule-raffia,₹ 65,pp
PP GRANULES,https://www.plastic4trade.com/salepost-supplier/pp-granules-7/pp-reprocess-granule-raffia,₹ 65,pp
P.P RAFFIA SCRAP,https://www.plastic4trade.com/salepost-supplier/pp-raffia-scrap/pp-baled-raffia,₹ 20,pp
ALL TYPES PP DANA,https://www.plastic4trade.com/salepost-supplier/all-types-pp-dana-4/pp-reprocess-granule-injection-molding,₹ 98,pp
PP HDPE BAGS,https://www.plastic4trade.com/salepost-supplier/pp-hdpe-bags/pp-finish-goods-film-grade,₹ 138,pp
ALL SCRAP PALSTIC,https://www.plastic4trade.com/salepost-supplier/all-scrap-palstic-3/pp-grinding-roto-molding,₹ 40,pp
PP DANA,https://www.plastic4trade.com/salepost-supplier/pp-dana-14/pp-prime-virgin-injection-molding,₹ 49,pp
PP,https://www.plastic4trade.com/salepost-supplier/pp-27/pp-grinding-blow,₹ 60,pp
PLASTIC BOBIN CONE DISC,https://www.plastic4trade.com/salepost-supplier/plastic-bobin-cone-disc/pp-reprocess-granule-injection-molding,₹ 2,pp
BLACK PP,https://www.plastic4trade.com/salepost-supplier/black-pp-7/pp-mix-material-mix-scrap,₹ 30,pp
ALL TYPE PP SCRAP GRINDING,https://www.plastic4trade.com/salepost-supplier/all-type-pp-scrap-grinding-12/pp-scrap-mix-scrap,₹ 50000,pp
PP RAFFIA LUMPS,https://www.plastic4trade.com/salepost-supplier/pp-raffia-lumps-7/pp-lumps-raffia,₹ 35,pp
PP GRINDING,https://www.plastic4trade.com/salepost-supplier/pp-grinding-11/pp-grinding-injection-molding,₹ 76,pp
P.P RAFFIA SCRAP,https://www.plastic4trade.com/salepost-supplier/pp-raffia-scrap-1/pp-lumps-raffia,₹ 30,pp
WHITE PP RAFFIA LUMPS,https://www.plastic4trade.com/salepost-supplier/white-pp-raffia-lumps/pp-lumps-injection-molding,₹ 30,pp
PP RAFFIA LUMPS,https://www.plastic4trade.com/salepost-supplier/pp-raffia-lumps-6/pp-lumps-injection-molding,₹ 32,pp
PP,https://www.plastic4trade.com/salepost-supplier/pp-26/pp-grinding-mix-scrap,₹ 89,pp
PP BAG,https://www.plastic4trade.com/salepost-supplier/pp-bag-5/pp-finish-goods-film-grade,₹ 19,pp
ALL TYPE PP SCRAP GRINDING,https://www.plastic4trade.com/salepost-supplier/all-type-pp-scrap-grinding-8/pp-grinding-mix-scrap,₹ 50,pp
BLACK PPCP,https://www.plastic4trade.com/salepost-supplier/black-ppcp-1/pp-prime-virgin-injection-molding,₹ 85,pp
PP PROCESS GRANULES,https://www.plastic4trade.com/salepost-supplier/pp-process-granules/pp-reprocess-granule-injection-molding,₹ 87,pp
PP GRANULES,https://www.plastic4trade.com/salepost-supplier/pp-granules-28/pp-reprocess-granule-injection-molding,₹ 55,pp
BLACK PP DANA,https://www.plastic4trade.com/salepost-supplier/black-pp-dana-4/pp-reprocess-granule-injection-molding,₹ 65,pp
PP MILKY WHITE GRANULES,https://www.plastic4trade.com/salepost-supplier/pp-milky-white-granules-7/pp-grinding-pipe,₹ 75,pp
PP AND LUMPS & GRANULES,https://www.plastic4trade.com/salepost-supplier/pp-and-lumps--granules/pp-reprocess-granule-injection-molding,₹ 45,pp
PP RAFFIA LUMPS,https://www.plastic4trade.com/salepost-supplier/pp-raffia-lumps-3/pp-lumps-injection-molding,₹ 30,pp
PP RAFFIYA DANA,https://www.plastic4trade.com/salepost-supplier/pp-raffiya-dana-3/pp-prime-virgin-raffia,₹ 95,pp
PP RAFFIA,https://www.plastic4trade.com/salepost-supplier/pp-raffia-4/pp-prime-virgin-raffia,₹ 25,pp
PET MATKA DISPENSER 10 LITRE,https://www.plastic4trade.com/salepost-supplier/hd-reprocess-granul-2/pp-rolls-blow,₹ 100,pp
HDPE TARPAULINE,https://www.plastic4trade.com/salepost-supplier/scrap-rafiya-pp/pp-baled-mix-scrap,₹ 13,pp
PLASTIC SUTLI,https://www.plastic4trade.com/salepost-supplier/all-type-pp-scrap-grinding-3/pp-grinding-injection-molding,₹ 28,pp
PVC STABILIZER,https://www.plastic4trade.com/salepost-supplier/pp-granules-27/pp-prime-virgin-injection-molding,₹ 101,pp
HDPE PALLET REGRIND,https://www.plastic4trade.com/salepost-supplier/anti-moisture-powder/pp-additives-extrusion,₹ 14,pp
PP RAFFIYA DANA,https://www.plastic4trade.com/salepost-supplier/pp-raffiya-dana-1/pp-prime-virgin-raffia,₹ 90,pp
HOT WASHED PET FLAKES,https://www.plastic4trade.com/salepost-supplier/pp-woven-fabric/pp-rolls-film-grade,₹ 90,pp
PP WOVEN FABRIC,https://www.plastic4trade.com/salepost-supplier/pp-woven-fabric/pp-rolls-raffia,₹ 70,pp
COLOUR PP,https://www.plastic4trade.com/salepost-supplier/colour-pp-2/pp-reprocess-granule-injection-molding,₹ 1,pp
PLASTC SUTLI,https://www.plastic4trade.com/salepost-supplier/next-to-virgin-granules-2/pp-finish-goods-blow,₹ 74,pp
PP,https://www.plastic4trade.com/salepost-supplier/pp-22/pp-reprocess-granule-injection-molding,₹ 75,pp
ALL PLASTIC DANA,https://www.plastic4trade.com/salepost-supplier/all-plastic-dana-9/pp-grinding-raffia,₹ 10,pp
ALL PLASTIC DANA,https://www.plastic4trade.com/salepost-supplier/all-plastic-dana-9/pp-grinding-raffia,₹ 80,pp
ACRYLIC SCRAP,https://www.plastic4trade.com/salepost-supplier/all-palstick-dana-2/pp-grinding-injection-molding,₹ 80,pp
PP,https://www.plastic4trade.com/salepost-supplier/pp-19/pp-reprocess-granule-injection-molding,₹ 75,pp
PP WOVEN BAG,https://www.plastic4trade.com/salepost-supplier/pp-raffia-lumps-2/pp-lumps-injection-molding,₹ 20,pp
PLASTIC RAW MATERIALS,https://www.plastic4trade.com/salepost-supplier/agriculture-fittings/pp-off-grade-injection-molding,₹ 20,pp
HALDIA 6401,https://www.plastic4trade.com/salepost-supplier/all-types-pp-dana-1/pp-finish-goods-injection-molding,₹ 70,pp
BLACK PP DANA,https://www.plastic4trade.com/salepost-supplier/pp-dana-12/pp-rolls-raffia,₹ 55,pp
BLACK PP DANA,https://www.plastic4trade.com/salepost-supplier/pp-and-pe-lumps--granules-1/pp-grinding-injection-molding,₹ 75,pp
"L.D ,P.P, H.D LLDP",https://www.plastic4trade.com/salepost-supplier/pp-next-to-virgin-granules-1/pp-reprocess-granule-injection-molding,₹ 95,pp
"L.D ,P.P, H.D LLDP",https://www.plastic4trade.com/salepost-supplier/all-plastic-14/pp-prime-virgin-injection-molding,₹ 2,pp
PVC SOFT CABLE REGRIND,https://www.plastic4trade.com/salepost-supplier/pp-milky-white-granules-6/pp-reprocess-granule-raffia,₹ 62,pp
BLACK ABS,https://www.plastic4trade.com/salepost-supplier/granules-2/pp-reprocess-granule-raffia,₹ 00,pp
PP MILKY WHITE GRANULES AND RED GRANULES,https://www.plastic4trade.com/salepost-supplier/pp-milky-white-granules-and-red-granules/pp-reprocess-granule-blow,₹ 0,pp
DRUM BLUE GRINDING,https://www.plastic4trade.com/salepost-supplier/battery-tray/pp-finish-goods-injection-molding,₹ 300,pp
BLACK PP DANA,https://www.plastic4trade.com/salepost-supplier/pp-and-pe-lumps--granules/pp-lumps-extrusion,₹ 45,pp
ALL PLASTIC,https://www.plastic4trade.com/salepost-supplier/all-types-pp-dana/pp-reprocess-granule-injection-molding,₹ 0,pp
HDPE,https://www.plastic4trade.com/salepost-supplier/plastic-lumps/pp-lumps-raffia,₹ 41,pp
HD GRINDING,https://www.plastic4trade.com/salepost-supplier/pp-granules-26/pp-reprocess-granule-blow,₹ 55,pp
PVC PIPE GRINDING,https://www.plastic4trade.com/salepost-supplier/all-type-pphdpe-scrap-grinding-7/pp-lumps-raffia,₹ 36,pp
RCE 333,https://www.plastic4trade.com/salepost-supplier/rce-333/pp-off-grade-injection-molding,₹ 98,pp
BEE FEEDER,https://www.plastic4trade.com/salepost-supplier/next-to-virgin-granules-3/pp-reprocess-granule-raffia,₹ 72,pp
HDPE GRANULES,https://www.plastic4trade.com/salepost-supplier/black-pp-3/pp-grinding-injection-molding,₹ 32,pp
P FORM,https://www.plastic4trade.com/salepost-supplier/pp-screp-1/pp-scrap-injection-molding,₹ 00,pp
HDPE BLOWING GRADE REPROCESS GRANULES,https://www.plastic4trade.com/salepost-supplier/plastc-sutli-1/pp-finish-goods-monofilament,₹ 50,pp
ABS SCRAP,https://www.plastic4trade.com/salepost-supplier/abs-scrap-6/pp-reprocess-granule-raffia,₹ 60,pp
DRIP PIPE,https://www.plastic4trade.com/salepost-supplier/pp-milky-white-granules-5/pp-reprocess-granule-raffia,₹ 63,pp
HDPE BLUE DRUM GRINDING,https://www.plastic4trade.com/salepost-supplier/natural-abs-granules-2/pp-prime-virgin-pipe,₹ 120,pp
GPPS,https://www.plastic4trade.com/salepost-supplier/google/pp-prime-virgin-pipe,₹ 135,pp
SABIC LDPE 118,https://www.plastic4trade.com/salepost-supplier/pp-granules-23/pp-reprocess-granule-injection-molding,₹ 50,pp
PVC RESIN SUSPENSION,https://www.plastic4trade.com/salepost-supplier/pp-granules-22/pp-reprocess-granule-raffia,₹ 45,pp
PET BOTTLES BALES,https://www.plastic4trade.com/salepost-supplier/mug-1/pp-prime-virgin-injection-molding,₹ 500,pp
PLASTIC HOUSEHOLD PRODUCT,https://www.plastic4trade.com/salepost-supplier/all-granules/pp-reprocess-granule-raffia,₹ 65,pp
LLDPE,https://www.plastic4trade.com/salepost-supplier/pp-yellow-1/pp-prime-virgin-film-grade,₹ 90,pp
PP DANA AND PVC SWR PIPE,https://www.plastic4trade.com/salepost-supplier/pp-dana-7/pp-filler-raffia,₹ 60,pp
"L.D ,P.P, H.D LLDP",https://www.plastic4trade.com/salepost-supplier/plastic-lunch-box/pp-finish-goods-injection-molding,₹ 80,pp
PLASTIC LUNCH BOX,https://www.plastic4trade.com/salepost-supplier/plastic-lunch-box/pp-prime-virgin-blow,₹ 60,pp
PP WOVEN BAG,https://www.plastic4trade.com/salepost-supplier/pp-woven-bag-1/pp-rolls-raffia,₹ 130,pp
PP,https://www.plastic4trade.com/salepost-supplier/pp-granules-21/pp-reprocess-granule-injection-molding,₹ 49,pp
BOPP ROLLS,https://www.plastic4trade.com/salepost-supplier/black-pp-1/pp-reprocess-granule-injection-molding,₹ 55,pp
HDPE CRATE SCRAP,https://www.plastic4trade.com/salepost-supplier/pp-granules-20/pp-reprocess-granule-injection-molding,₹ 80,pp
HDPE BLOWING GRADE REPROCESS GRANULES,https://www.plastic4trade.com/salepost-supplier/hdpe-rope/pp-prime-virgin-raffia,₹ 140,pp
PET BOTTLE CRUSH,https://www.plastic4trade.com/salepost-supplier/pp-next-to-virgin-granules-2/pp-reprocess-granule-raffia,₹ 62,pp
PET BOTTLES BALES,https://www.plastic4trade.com/salepost-supplier/pp-dana-3/pp-lumps-raffia,₹ 40,pp
PLASTIC,https://www.plastic4trade.com/salepost-supplier/pp-grea--black-marun-dana/pp-reprocess-granule-injection-molding,₹ 45,pp
RASSA,https://www.plastic4trade.com/salepost-supplier/rassa/pp-rolls-raffia,₹ 65,pp
PLASTIC MACHINE AND BEVERAGES PLANT,https://www.plastic4trade.com/salepost-supplier/knife/pp-prime-virgin-injection-molding,₹ 10,pp
ACRYLIC,https://www.plastic4trade.com/salepost-supplier/plastic-lums/pp-lumps-raffia,₹ 41,pp
PP LUMPS,https://www.plastic4trade.com/salepost-supplier/pp-lumps-2/pp-lumps-injection-molding,₹ 1,pp
PP GRINDING,https://www.plastic4trade.com/salepost-supplier/pp-grinding-6/pp-grinding-injection-molding,₹ 39,pp
PLASTIC GRANUALS,https://www.plastic4trade.com/salepost-supplier/red-natural/pp-finish-goods-injection-molding,₹ 95,pp
PLASTIC GRANUALS,https://www.plastic4trade.com/salepost-supplier/pp-yellow/pp-reprocess-granule-injection-molding,₹ 85,pp
HD BLOW,https://www.plastic4trade.com/salepost-supplier/all-type-ppldpehdpe-scrap-grinding-2/pp-prime-virgin-injection-molding,₹ 85,pp
HD GRINDING,https://www.plastic4trade.com/salepost-supplier/pp-natural-15/pp-reprocess-granule-injection-molding,₹ 80,pp
"L.D ,P.P, H.D LLDP",https://www.plastic4trade.com/salepost-supplier/plastc-sutli/pp-lumps-raffia,₹ 56,pp
PP WHITE CHAIR CRUSH REGRIND,https://www.plastic4trade.com/salepost-supplier/pp-raffia/pp-baled-raffia,₹ 15,pp
LDPE FILM GRADE,https://www.plastic4trade.com/salepost-supplier/ldpe-film-grade-4/pp-reprocess-granule-injection-molding,₹ 65,pp
PP WOVEN BAG,https://www.plastic4trade.com/salepost-supplier/pp-woven-bag/pp-finish-goods-raffia,₹ 100,pp
PPCP,https://www.plastic4trade.com/salepost-supplier/plastic-grinding-5/pp-grinding-roto-molding,₹ 28,pp
HD PIPES,https://www.plastic4trade.com/salepost-supplier/pp-welding-rods/pp-prime-virgin-extrusion,₹ 170,pp
NATURAL ABS GRANULES,https://www.plastic4trade.com/salepost-supplier/plastic-grinding-4/pp-grinding-injection-molding,₹ 38,pp
PP DANA,https://www.plastic4trade.com/salepost-supplier/pp-dana/pp-reprocess-granule-injection-molding,₹ 45,pp
TEXTILES AND ZARI JARI BOBBINS AND ACCES,https://www.plastic4trade.com/salepost-supplier/textiles-and-zari-jari-bobbins-and-acces/pp-prime-virgin-injection-molding,₹ 10,pp
PP ROLLS AND PP BAGS,https://www.plastic4trade.com/salepost-supplier/4*4-virgin-junction-box/pp-prime-virgin-injection-molding,₹ 15,pp
ABS GRANULES,https://www.plastic4trade.com/salepost-supplier/pp-dhana-and--pp-powder/pp-prime-virgin-injection-molding,₹ 66,pp
VISION,https://www.plastic4trade.com/salepost-supplier/pp-random/pp-prime-virgin-injection-molding,₹ 85,pp
ABS SCRAP,https://www.plastic4trade.com/salepost-supplier/abs-scrap-3/pp-lumps-raffia,₹ 42,pp
GUNNY BAGS,https://www.plastic4trade.com/salepost-supplier/rafiya-pp/pp-scrap-raffia,₹ 21,pp
SPECIALITY ENHANCER,https://www.plastic4trade.com/salepost-supplier/pp-raffia-lumps-1/pp-grinding-raffia,₹ 24,pp
NYLON 66 BLACK UNFILLED,https://www.plastic4trade.com/salepost-supplier/all-type-pphdpe-scrap-grinding-5/pp-grinding-injection-molding,₹ 50,pp
LD REPROCESS GREUNALS,https://www.plastic4trade.com/salepost-supplier/hdpe-and-pp-dana/pp-reprocess-granule-injection-molding,₹ 52,pp
SCRAP PP JUMBO BAG,https://www.plastic4trade.com/salepost-supplier/all-type-pphdpe-scrap-grinding-4/pp-grinding-injection-molding,₹ 55,pp
PP GRANULES,https://www.plastic4trade.com/salepost-supplier/colour-pp-1/pp-reprocess-granule-raffia,₹ 1,pp
TARPAULIN,https://www.plastic4trade.com/salepost-supplier/colour-pp/pp-reprocess-granule-injection-molding,₹ 70,pp
PP,https://www.plastic4trade.com/salepost-supplier/black-ppcp/pp-reprocess-granule-injection-molding,₹ 50,pp
PP DANA AND PVC SWR PIPE,https://www.plastic4trade.com/salepost-supplier/black-pp/pp-grinding-injection-molding,₹ 42,pp
COURIER BAGS,https://www.plastic4trade.com/salepost-supplier/all-type-pphdpe-scrap-grinding-3/pp-scrap-raffia,₹ 55,pp
PLASTIC GRANULES,https://www.plastic4trade.com/salepost-supplier/patti-grinding/pp-grinding-film-grade,₹ 34,pp
BLUE DRUM DANA,https://www.plastic4trade.com/salepost-supplier/pp-granules-17/pp-reprocess-granule-injection-molding,₹ 59,pp
SABIC,https://www.plastic4trade.com/salepost-supplier/pp-roll-2/pp-finish-goods-raffia,₹ 68,pp
PLASTIC SCRAP,https://www.plastic4trade.com/salepost-supplier/plastic-scrap-3/pp-reprocess-granule-injection-molding,₹ 200,pp
PLASTIC HOUSEHOLD PRODUCT,https://www.plastic4trade.com/salepost-supplier/plastic-household-product/pp-resin-injection-molding,₹ 40,pp
WAIPAR,https://www.plastic4trade.com/salepost-supplier/pp-granules-15/pp-reprocess-granule-roto-molding,₹ 80,pp
"CARBON, MASTERBATCH, PIGMENT, TITANIUM, MOISTURE POWDER, WAX, OB,OB1",https://www.plastic4trade.com/salepost-supplier/pp-20/pp-prime-virgin-film-grade,₹ 63,pp
PET FLAKES RECYCLING COLD WACHED,https://www.plastic4trade.com/salepost-supplier/natural-polystyrene-1/pp-off-grade-injection-molding,₹ 95,pp
PLASTIC GRANULES,https://www.plastic4trade.com/salepost-supplier/pp-grinding-8/pp-grinding-injection-molding,₹ 67,pp
PP GRANULES,https://www.plastic4trade.com/salepost-supplier/pp-granules-10/pp-prime-virgin-injection-molding,₹ 115,pp
PP GRANULES,https://www.plastic4trade.com/salepost-supplier/pp-granules-9/pp-prime-virgin-injection-molding,₹ 104,pp
LDPE NATURAL,https://www.plastic4trade.com/salepost-supplier/ldpe-natural-3/pp-reprocess-granule-raffia,₹ 65,pp
PP GRANULES,https://www.plastic4trade.com/salepost-supplier/pp-milky-white-granules-3/pp-reprocess-granule-injection-molding,₹ 68,pp
PET BOTTLES BALES,https://www.plastic4trade.com/salepost-supplier/polypropylene-copolymer/pp-grinding-injection-molding,$ 30,pp
BOPP ROLLS,https://www.plastic4trade.com/salepost-supplier/pp-granules-14/pp-off-grade-film-grade,₹ 100,pp
ALL PLASTIC,https://www.plastic4trade.com/salepost-supplier/ld-filler-2/pp-scrap-pipe,₹ 90,pp
PP,https://www.plastic4trade.com/salepost-supplier/black-pp-dana-2/pp-grinding-blow,₹ 55,pp
RAFFIA LUMPS,https://www.plastic4trade.com/salepost-supplier/raffia-lumps/pp-prime-virgin-injection-molding,₹ 25,pp
REPROCESS PET GRANULES,https://www.plastic4trade.com/salepost-supplier/pp-bucket-scrap/pp-baled-blow,€ 500,pp
PVC,https://www.plastic4trade.com/salepost-supplier/pp-granules-13/pp-prime-virgin-raffia,₹ 100,pp
PVC,https://www.plastic4trade.com/salepost-supplier/plastic-bee-feeder/pp-prime-virgin-injection-molding,₹ 45,pp
RIGID PVC PIPES,https://www.plastic4trade.com/salepost-supplier/plastic-pp-dori-1/pp-mix-material-extrusion,$ 30,pp
FLEXO PRINTED BAGS,https://www.plastic4trade.com/salepost-supplier/flexo-printed-bags/pp-finish-goods-film-grade,₹ 150,pp
PP LUMPS,https://www.plastic4trade.com/salepost-supplier/pp-lumps-1/pp-lumps-raffia,₹ 35,pp
PP GRANULES,https://www.plastic4trade.com/salepost-supplier/pp-granules-4/pp-reprocess-granule-film-grade,₹ 75,pp
BLACK PP DANA,https://www.plastic4trade.com/salepost-supplier/black-pp-dana/pp-reprocess-granule-injection-molding,₹ 36,pp
HDPE BLOWING GRADE REPROCESS GRANULES,https://www.plastic4trade.com/salepost-supplier/pp-bag/pp-stock-lots-injection-molding,₹ 28,pp
LD AMUL DAIRY MATERIAL PRINTING,https://www.plastic4trade.com/salepost-supplier/pp-raffiya-dana/pp-reprocess-granule-raffia,₹ 50,pp
UPVC (WHITE PLUMBING),https://www.plastic4trade.com/salepost-supplier/brouge-hoe444np/pp-off-grade-injection-molding,₹ 98,pp
HDPE BLOWING GRADE REPROCESS GRANULES,https://www.plastic4trade.com/salepost-supplier/bottle-1/pp-mix-material-extrusion,$ 1,pp
PET FLAKES,https://www.plastic4trade.com/salepost-supplier/pp-grinding-5/pp-grinding-injection-molding,₹ 93,pp
PVC RESIN SUSPENSION,https://www.plastic4trade.com/salepost-supplier/black-pp-dubban-dana/pp-reprocess-granule-injection-molding,₹ 38,pp
PVC RESIN SUSPENSION,https://www.plastic4trade.com/salepost-supplier/black-pp-dana-1/pp-reprocess-granule-raffia,₹ 50,pp
TEST PRODUCT,https://www.plastic4trade.com/salepost-supplier/plastic-rolls/pp-rolls-injection-molding,₹ 35,pp
PLASTIC JAR,https://www.plastic4trade.com/salepost-supplier/bobbin/pp-rolls-injection-molding,₹ 100,pp
PP GRINDING,https://www.plastic4trade.com/salepost-supplier/pp-granules-12/pp-reprocess-granule-raffia,₹ 65,pp
LLDPE,https://www.plastic4trade.com/salepost-supplier/raffiya-lumps/pp-lumps-raffia,₹ 31,pp
AQEEL SYED,https://www.plastic4trade.com/salepost-supplier/pp-12/pp-rolls-blow,₹ 22,pp
LDPE REPROCESS GRANULES,https://www.plastic4trade.com/salepost-supplier/pp-non-woven-1/pp-filler-injection-molding,₹ 35,pp
PP ROLL,https://www.plastic4trade.com/salepost-supplier/pp-roll-1/pp-rolls-film-grade,₹ 96,pp
PVC CABLE REGRIND,https://www.plastic4trade.com/salepost-supplier/pp-granules-5/pp-prime-virgin-injection-molding,$ 8063,pp
PP GRANULES,https://www.plastic4trade.com/salepost-supplier/pp-granules-46/pp-off-grade-raffia,₹ 93,pp
MASTERBATCH,https://www.plastic4trade.com/salepost-supplier/masterbatch-2/pp-masterbatch-injection-molding,₹ 90,pp
MASTERBATCH,https://www.plastic4trade.com/salepost-supplier/masterbatch-2/pp-masterbatch-injection-molding,₹ 300,pp
HD REPROCESS GRANULS,https://www.plastic4trade.com/salepost-supplier/demo/pp-rolls-extrusion,₹ 000,pp
LDPE REPROCESS GRANULES,https://www.plastic4trade.com/salepost-supplier/pp-grinding-3/pp-grinding-injection-molding,₹ 42,pp
DANA,https://www.plastic4trade.com/salepost-supplier/dana-1/pp-off-grade-blow,₹ 100,pp
HDPE GRANULES,https://www.plastic4trade.com/salepost-supplier/pp-grinding-2/pp-grinding-roto-molding,₹ 65,pp
PP LOOSE,https://www.plastic4trade.com/salepost-supplier/pp-granules-3/pp-reprocess-granule-injection-molding,₹ 93,pp
PVC RESIN SUSPENSION,https://www.plastic4trade.com/salepost-supplier/pp-granules-2/pp-reprocess-granule-injection-molding,₹ 96,pp
PP MILKY WHITE GRANULES,https://www.plastic4trade.com/salepost-supplier/pp-granules-1/pp-reprocess-granule-injection-molding,₹ 34,pp
LLDPE,https://www.plastic4trade.com/salepost-supplier/pp-granules/pp-prime-virgin-injection-molding,₹ 99,pp
BOTTLE,https://www.plastic4trade.com/salepost-supplier/cpp-granuals/pp-off-grade-injection-molding,₹ 56,pp
PLASTIC,https://www.plastic4trade.com/salepost-supplier/pp-grinding/pp-grinding-injection-molding,₹ 45,pp
PP RAFFIA,https://www.plastic4trade.com/salepost-supplier/pp-raffia-9/pp-baled-raffia,₹ 20,pp
PP RAFFIA,https://www.plastic4trade.com/salepost-supplier/pp-raffia-9/pp-baled-raffia,₹ 50,pp
PP RAFFIA,https://www.plastic4trade.com/salepost-supplier/pp-raffia-9/pp-rolls-extrusion,₹ 210,pp
PP RAFFIA,https://www.plastic4trade.com/salepost-supplier/pp-raffia-9/pp-scrap-raffia,₹ 5,pp
",25TON",https://www.plastic4trade.com/salepost-supplier/pp-jumbo-bags-scrap-1/pp-reprocess-granule-roto-molding,₹ 56,pp
LDPE FILM GRADE,https://www.plastic4trade.com/salepost-supplier/ldpe-film-grade-3/pp-scrap-raffia,$ 270,pp
PLASTIC,https://www.plastic4trade.com/salepost-supplier/plastic-granules/pp-reprocess-granule-blow,₹ 57,pp
LDPE,https://www.plastic4trade.com/salepost-supplier/plastic-granuals-4/pp-reprocess-granule-injection-molding,₹ 65,pp
HDPE GRANULES,https://www.plastic4trade.com/salepost-supplier/pp-natural-11/pp-reprocess-granule-injection-molding,₹ 86,pp
NYLON 66,https://www.plastic4trade.com/salepost-supplier/pp-non-woven/pp-rolls-film-grade,₹ 65,pp
HDPE,https://www.plastic4trade.com/salepost-supplier/pp-natural-10/pp-prime-virgin-injection-molding,₹ 96,pp
HDPE,https://www.plastic4trade.com/salepost-supplier/syringes-cutting/pp-grinding-injection-molding,₹ 100,pp
PVC RESIN SUSPENSION,https://www.plastic4trade.com/salepost-supplier/pp-7/pp-reprocess-granule-injection-molding,₹ 55,pp
GPPS,https://www.plastic4trade.com/salepost-supplier/pp-natural-9/pp-reprocess-granule-injection-molding,₹ 90,pp
BLACK PP 100% TAIRAN FULL STRENGTH,https://www.plastic4trade.com/salepost-supplier/pp-raffya-1/pp-baled-raffia,₹ 21,pp
PLASTIC,https://www.plastic4trade.com/salepost-supplier/pp-lumps/pp-scrap-injection-molding,₹ 40,pp
HD GRINDING,https://www.plastic4trade.com/salepost-supplier/ppcp-4/pp-prime-virgin-injection-molding,₹ 99,pp
"MILKY, NATURAL GRANULES, ROLL, SCRAP",https://www.plastic4trade.com/salepost-supplier/plastic-2/pp-grinding-blow,₹ 58,pp
POLYSTER SHEET,https://www.plastic4trade.com/salepost-supplier/pp-milky-white-granules/pp-reprocess-granule-raffia,₹ 62,pp
P.P.,https://www.plastic4trade.com/salepost-supplier/pp-3/pp-grinding-injection-molding,₹ 00,pp
PP NATURAL,https://www.plastic4trade.com/salepost-supplier/pp-natural-2/pp-reprocess-granule-injection-molding,₹ 73,pp
PP NATURAL,https://www.plastic4trade.com/salepost-supplier/pp-2/pp-reprocess-granule-blow,₹ 55,pp
P.P.,https://www.plastic4trade.com/salepost-supplier/pp-2/pp-grinding-injection-molding,₹ 00,pp
PVC RESIN SUSPENSION,https://www.plastic4trade.com/salepost-supplier/sutali/pp-reprocess-granule-film-grade,₹ 50,pp
HARD PVC,https://www.plastic4trade.com/salepost-supplier/pp-natural-6/pp-grinding-injection-molding,₹ 50,pp
PP REGRIND,https://www.plastic4trade.com/salepost-supplier/pp-natural-5/pp-prime-virgin-injection-molding,₹ 99,pp
PP ROLL,https://www.plastic4trade.com/salepost-supplier/pp-roll/pp-rolls-raffia,₹ 80,pp
PP ROLL,https://www.plastic4trade.com/salepost-supplier/pp-natural-1/pp-prime-virgin-injection-molding,₹ 102,pp
PP NATURAL,https://www.plastic4trade.com/salepost-supplier/pp-natural-1/pp-grinding-injection-molding,₹ 54,pp
PP ROLL,https://www.plastic4trade.com/salepost-supplier/pp-natural/pp-reprocess-granule-injection-molding,₹ 1,pp
HDPE,https://www.plastic4trade.com/salepost-supplier/hdpe-49/pp-reprocess-granule-injection-molding,₹ 70,pp
HDPE,https://www.plastic4trade.com/salepost-supplier/hdpe-49/pp-reprocess-granule-injection-molding,₹ 86,pp
PLASTIC,https://www.plastic4trade.com/salepost-supplier/pp-powder--pp-powder-with-granules/pp-off-grade-injection-molding,₹ 76,pp
PLASTIC WATER BOTTLES,https://www.plastic4trade.com/salepost-supplier/pp-lumps-post-1/pp-grinding-injection-molding,₹ 100,pp
NYLON 66 NATURAL,https://www.plastic4trade.com/salepost-supplier/all-plastic-33/pp-mix-material-injection-molding,₹ 50,pp
ALL PLASTIC,https://www.plastic4trade.com/salepost-supplier/all-plastic-33/pp-lumps-raffia,₹ 43,pp
ALL PLASTIC,https://www.plastic4trade.com/salepost-supplier/all-plastic-33/pp-reprocess-granule-extrusion,₹ 100,pp
ALL SCRAP PALSTIC,https://www.plastic4trade.com/buypost-buyer/all-scrap-palstic-5/pp-scrap-mix-scrap,₹ 25,pp
PP RAFFIA SCRAP,https://www.plastic4trade.com/buypost-buyer/pp-raffia-scrap-3/pp-scrap-mix-scrap,₹ 12,pp
ALL TYPE PP SCRAP GRINDING,https://www.plastic4trade.com/buypost-buyer/all-type-pp-scrap-grinding-48/pp-grinding-raffia,₹ 18,pp
ALL TYPES PP DANA,https://www.plastic4trade.com/buypost-buyer/all-types-pp-dana-23/pp-prime-virgin-film-grade,₹ 80,pp
POLYTHYN,https://www.plastic4trade.com/buypost-buyer/polythyn-3/pp-prime-virgin-film-grade,₹ 95,pp
PP NATURAL,https://www.plastic4trade.com/buypost-buyer/pp-natural-3/pp-reprocess-granule-injection-molding,₹ 78,pp
PP JAMBO BAGS,https://www.plastic4trade.com/buypost-buyer/pp-jambo-bags/pp-scrap-raffia,₹ 30,pp
LENO BEG,https://www.plastic4trade.com/buypost-buyer/leno-beg/pp-scrap-raffia,₹ 25,pp
PP GRINDING,https://www.plastic4trade.com/buypost-buyer/pp-grinding-15/pp-grinding-injection-molding,₹ 50,pp
ALL TYPES PP DANA,https://www.plastic4trade.com/buypost-buyer/all-types-pp-dana-21/pp-floor-sweeping-injection-molding,₹ 1,pp
BLACK PP 100% TAIRAN FULL STRENGTH,https://www.plastic4trade.com/buypost-buyer/black-pp-100-tairan-full-strength-4/pp-grinding-pipe,₹ 65,pp
ALL TYPE PP SCRAP GRINDING,https://www.plastic4trade.com/buypost-buyer/all-type-pp-scrap-grinding-46/pp-scrap-injection-molding,$ 35,pp
REPOL H100EY,https://www.plastic4trade.com/buypost-buyer/repol-h100ey/pp-prime-virgin-film-grade,₹ 80,pp
"PP, LD, HD, PVC",https://www.plastic4trade.com/buypost-buyer/pp-ld-hd-pvc/pp-reprocess-granule-injection-molding,₹ 00,pp
PP GRANULES,https://www.plastic4trade.com/buypost-buyer/pp-granules-54/pp-rolls-blow,₹ 50,pp
NATURAL PP SCRAP,https://www.plastic4trade.com/buypost-buyer/natural-pp-scrap-1/pp-grinding-injection-molding,₹ 50,pp
ALL TYPE PP SCRAP GRINDING,https://www.plastic4trade.com/buypost-buyer/all-type-pp-scrap-grinding-45/pp-scrap-mix-scrap,₹ 20,pp
ALL TYPE PP SCRAP GRINDING,https://www.plastic4trade.com/buypost-buyer/all-type-pp-scrap-grinding-44/pp-lumps-mix-scrap,₹ 25,pp
ALL TYPE PP SCRAP GRINDING,https://www.plastic4trade.com/buypost-buyer/all-type-pp-scrap-grinding-43/pp-reprocess-granule-injection-molding,₹ 20,pp
SCRAP PP JUMBO BAG,https://www.plastic4trade.com/buypost-buyer/scrap-pp-jumbo-bag-2/pp-scrap-raffia,₹ 20,pp
PP GRANULES,https://www.plastic4trade.com/buypost-buyer/pp-granules-52/pp-prime-virgin-thermoforming,₹ 92,pp
RAFFIA SCRAP,https://www.plastic4trade.com/buypost-buyer/raffia-scrap-1/pp-grinding-raffia,₹ 15,pp
ALL TYPE PP SCRAP GRINDING,https://www.plastic4trade.com/buypost-buyer/all-type-pp-scrap-grinding-41/pp-scrap-injection-molding,₹ 43,pp
ALL PLASTIC,https://www.plastic4trade.com/buypost-buyer/all-plastic-45/pp-prime-virgin-blow,₹ 10000,pp
ALL TYPE PP SCRAP GRINDING,https://www.plastic4trade.com/buypost-buyer/all-type-pp-scrap-grinding-40/pp-scrap-raffia,₹ 8,pp
P P RAFFIA GULLA,https://www.plastic4trade.com/buypost-buyer/p-p-raffia-gulla-3/pp-baled-raffia,₹ 11,pp
WHITE PP NATURAL PP,https://www.plastic4trade.com/buypost-buyer/white-pp-natural-pp-2/pp-scrap-injection-molding,₹ 50,pp
ALL TYPES PP DANA,https://www.plastic4trade.com/buypost-buyer/all-types-pp-dana-19/pp-prime-virgin-raffia,₹ 90,pp
MILKY PP GRINDING,https://www.plastic4trade.com/buypost-buyer/milky-pp-grinding-2/pp-grinding-injection-molding,₹ 47,pp
ALL TYPES PP DANA,https://www.plastic4trade.com/buypost-buyer/all-types-pp-dana-18/pp-finish-goods-injection-molding,₹ 0000,pp
P P RAFFIA GULLA,https://www.plastic4trade.com/buypost-buyer/p-p-raffia-gulla-1/pp-lumps-injection-molding,₹ 28,pp
REQUIRED PP VIRGIN,https://www.plastic4trade.com/buypost-buyer/required-pp-virgin/pp-prime-virgin-injection-molding,₹ 85,pp
MILKY PP GRINDING,https://www.plastic4trade.com/buypost-buyer/milky-pp-grinding-1/pp-prime-virgin-injection-molding,₹ 85,pp
ALL PLASTIC DANA,https://www.plastic4trade.com/buypost-buyer/all-plastic-dana-15/pp-prime-virgin-injection-molding,₹ 88,pp
PP DANA,https://www.plastic4trade.com/buypost-buyer/pp-dana-22/pp-mix-material-mix-scrap,₹ 72,pp
NATURAL PP SCRAP,https://www.plastic4trade.com/buypost-buyer/natural-pp-scrap/pp-grinding-injection-molding,₹ 50,pp
PP GRANULES,https://www.plastic4trade.com/buypost-buyer/pp-granules-49/pp-prime-virgin-injection-molding,₹ 90,pp
COLOR PP REPROCESSED GRANULES,https://www.plastic4trade.com/buypost-buyer/color-pp-reprocessed-granules-11/pp-reprocess-granule-injection-molding,₹ 40,pp
PP WHITE,https://www.plastic4trade.com/buypost-buyer/pp-white-4/pp-rolls-blow,₹ 51822,pp
ALL PLASTIC,https://www.plastic4trade.com/buypost-buyer/all-plastic-41/pp-prime-virgin-injection-molding,₹ 85,pp
ALL PLASTIC DANA,https://www.plastic4trade.com/buypost-buyer/all-plastic-dana-13/pp-grinding-raffia,₹ 70,pp
ALL TYPE PP SCRAP GRINDING,https://www.plastic4trade.com/buypost-buyer/all-type-pp-scrap-grinding-35/pp-mix-material-mix-scrap,₹ 35,pp
MULTIFILAMENT YARN,https://www.plastic4trade.com/buypost-buyer/multifilament-yarn-1/pp-mix-material-monofilament,₹ 130,pp
POLYPROPYLENE,https://www.plastic4trade.com/buypost-buyer/polypropylene-1/pp-prime-virgin-injection-molding,₹ 85,pp
PP WHITE,https://www.plastic4trade.com/buypost-buyer/pp-white-3/pp-off-grade-film-grade,₹ 75,pp
PP GRANULES,https://www.plastic4trade.com/buypost-buyer/pp-granules-47/pp-prime-virgin-raffia,₹ 80,pp
ALL TYPE PP SCRAP GRINDING,https://www.plastic4trade.com/buypost-buyer/all-type-pp-scrap-grinding-31/pp-rolls-mix-scrap,$ 250,pp
PP RAFIYA SCRAP,https://www.plastic4trade.com/buypost-buyer/pp-rafiya-scrap/pp-scrap-raffia,₹ 7,pp
ALL TYPE PP SCRAP GRINDING,https://www.plastic4trade.com/buypost-buyer/all-type-pp-scrap-grinding-33/pp-grinding-injection-molding,₹ 18,pp
HDPE,https://www.plastic4trade.com/buypost-buyer/hdpe-57/pp-off-grade-raffia,€ 100,pp
PP,https://www.plastic4trade.com/buypost-buyer/pp-37/pp-prime-virgin-extrusion,₹ 99,pp
PUPR,https://www.plastic4trade.com/buypost-buyer/pupr/pp-rolls-film-grade,€ 1,pp
PP RAFFIA SCRAP,https://www.plastic4trade.com/buypost-buyer/pp-raffia-scrap-2/pp-scrap-raffia,₹ 8,pp
PP,https://www.plastic4trade.com/buypost-buyer/pp-36/pp-stock-lots-blow,₹ 30,pp
FOOD CONTAINER,https://www.plastic4trade.com/buypost-buyer/food-container-9/pp-off-grade-injection-molding,₹ 80,pp
PET BOTTEL SCARP,https://www.plastic4trade.com/buypost-buyer/pet-bottel-scarp-4/pp-baled-injection-molding,₹ 32,pp
ALL  SCRAP,https://www.plastic4trade.com/buypost-buyer/all--scrap-9/pp-mix-material-pipe,₹ 100,pp
ALL TYPES PP DANA,https://www.plastic4trade.com/buypost-buyer/all-types-pp-dana-16/pp-reprocess-granule-injection-molding,₹ 65,pp
ALL TYPES PP DANA,https://www.plastic4trade.com/buypost-buyer/all-types-pp-dana-15/pp-prime-virgin-injection-molding,₹ 70,pp
HSNX,https://www.plastic4trade.com/buypost-buyer/hsnx/pp-reprocess-granule-injection-molding,₹ 100,pp
SCRAP RAFIYA PP,https://www.plastic4trade.com/buypost-buyer/scrap-rafiya-pp-9/pp-scrap-raffia,₹ 15,pp
PP WHITE,https://www.plastic4trade.com/buypost-buyer/pp-white-2/pp-scrap-injection-molding,₹ 43,pp
BLACK HDPE PP,https://www.plastic4trade.com/buypost-buyer/black-hdpe-pp/pp-grinding-blow,₹ 150,pp
PP WASTE & PP GRANUALES,https://www.plastic4trade.com/buypost-buyer/pp-waste--pp-granuales/pp-grinding-film-grade,₹ 20000,pp
ALL PLASTIC,https://www.plastic4trade.com/buypost-buyer/all-plastic-38/pp-mix-material-injection-molding,₹ 32,pp
SCRAP PP JUMBO BAG,https://www.plastic4trade.com/buypost-buyer/scrap-pp-jumbo-bag-1/pp-scrap-raffia,₹ 25,pp
PP WOVEN BAG,https://www.plastic4trade.com/buypost-buyer/pp-woven-bag-3/pp-mix-material-raffia,₹ 120,pp
PP JUMBO BAG SCRAP,https://www.plastic4trade.com/buypost-buyer/pp-jumbo-bag-scrap-3/pp-scrap-raffia,₹ 25,pp
PP RAFFIYA,https://www.plastic4trade.com/buypost-buyer/pp-raffiya/pp-mix-material-raffia,₹ 10,pp
ALL TYPE PP SCRAP GRINDING,https://www.plastic4trade.com/buypost-buyer/all-type-pp-scrap-grinding-28/pp-grinding-injection-molding,₹ 40,pp
PP LUMPS POST,https://www.plastic4trade.com/buypost-buyer/pp-lumps-post-3/pp-lumps-injection-molding,₹ 90,pp
PP LUMPS POST,https://www.plastic4trade.com/buypost-buyer/pp-lumps-post-3/pp-lumps-raffia,₹ 55,pp
PP LUMPS,https://www.plastic4trade.com/buypost-buyer/pp-lumps-15/pp-lumps-raffia,₹ 30,pp
HDPE AND PP DANA,https://www.plastic4trade.com/buypost-buyer/hdpe-and-pp-dana-6/pp-lumps-injection-molding,₹ 0,pp
PP GRANULES,https://www.plastic4trade.com/buypost-buyer/pp-granules-45/pp-masterbatch-raffia,₹ 80,pp
ALL PLASTIC,https://www.plastic4trade.com/buypost-buyer/all-plastic-31/pp-lumps-raffia,₹ 25,pp
ALL TYPE PP/LDPE/HDPE SCRAP GRINDING,https://www.plastic4trade.com/buypost-buyer/all-type-ppldpehdpe-scrap-grinding-8/pp-scrap-injection-molding,₹ 35,pp
PP LUMPS,https://www.plastic4trade.com/buypost-buyer/pp-lumps-14/pp-lumps-raffia,₹ 20,pp
PP NAMAK WASHED GRINDING,https://www.plastic4trade.com/buypost-buyer/pp-namak-washed-grinding/pp-lumps-injection-molding,₹ 75,pp
ALL TYPE OF PLASTIC SCRAP,https://www.plastic4trade.com/buypost-buyer/all-type-of-plastic-scrap/pp-scrap-mix-scrap,₹ 10,pp
BLACK PP WHITE PP NATURAL PP,https://www.plastic4trade.com/buypost-buyer/black-pp-white-pp-natural-pp-2/pp-scrap-mix-scrap,₹ 45,pp
ALL PLASTIC SCRAP GRINDING MACHINE,https://www.plastic4trade.com/buypost-buyer/all-plastic-scrap-grinding-machine-4/pp-scrap-injection-molding,₹ 15,pp
ALL TYPES OF PLASTIC BUY AND SALE,https://www.plastic4trade.com/buypost-buyer/all-types-of-plastic-buy-and-sale-1/pp-prime-virgin-raffia,₹ 40,pp
ALL TYPES PP DANA,https://www.plastic4trade.com/buypost-buyer/all-types-pp-dana-11/pp-reprocess-granule-injection-molding,₹ 50,pp
ALL TYPE PP SCRAP GRINDING,https://www.plastic4trade.com/buypost-buyer/all-type-pp-scrap-grinding-23/pp-reprocess-granule-roto-molding,₹ 88,pp
PP RAFFIA,https://www.plastic4trade.com/buypost-buyer/pp-raffia-8/pp-baled-raffia,₹ 15,pp
PP,https://www.plastic4trade.com/buypost-buyer/pp-34/pp-prime-virgin-injection-molding,₹ 48,pp
BLACK PP CP GRANULES,https://www.plastic4trade.com/buypost-buyer/mug-2/pp-resin-injection-molding,₹ 70,pp
PP MILKY WHITE GRANULES,https://www.plastic4trade.com/buypost-buyer/pp-hdpe-raffia/pp-grinding-injection-molding,₹ 35,pp
ALL  SCRAP,https://www.plastic4trade.com/buypost-buyer/all--scrap-4/pp-grinding-mix-scrap,₹ 10,pp
PP RAFIYA LUMPS,https://www.plastic4trade.com/buypost-buyer/pp-rafiya-lumps-1/pp-lumps-injection-molding,₹ 23,pp
ALL SCRAP PALSTIC,https://www.plastic4trade.com/buypost-buyer/black-pp-5/pp-scrap-injection-molding,₹ 60,pp
ALL  SCRAP,https://www.plastic4trade.com/buypost-buyer/all--scrap-3/pp-scrap-film-grade,₹ 10,pp
ALL  SCRAP,https://www.plastic4trade.com/buypost-buyer/all--scrap-2/pp-mix-material-mix-scrap,₹ 10,pp
PP MIX COLOR SCRAP,https://www.plastic4trade.com/buypost-buyer/pp-mix-color-scrap/pp-scrap-injection-molding,₹ 40,pp
TILES SPACER AND LEVELING,https://www.plastic4trade.com/buypost-buyer/tiles-spacer-and-leveling/pp-finish-goods-injection-molding,₹ 90,pp
"BLACK PP , HDPE BLOW MOULDING",https://www.plastic4trade.com/buypost-buyer/pp-dana-13/pp-prime-virgin-injection-molding,₹ 50,pp
ALL TYPE PP/LDPE/HDPE SCRAP GRINDING,https://www.plastic4trade.com/buypost-buyer/all-type-ppldpehdpe-scrap-grinding-7/pp-grinding-mix-scrap,₹ 15,pp
REPOL EMPTY BAGS,https://www.plastic4trade.com/buypost-buyer/repol-empty-bags-1/pp-mix-material-raffia,₹ 5,pp
PP LIMPS,https://www.plastic4trade.com/buypost-buyer/pp-limps/pp-reprocess-granule-injection-molding,₹ 70,pp
ALL PLASTIC SCRAP,https://www.plastic4trade.com/buypost-buyer/all-plastic-scrap-9/pp-off-grade-mix-scrap,₹ 20,pp
BLACK PP,https://www.plastic4trade.com/buypost-buyer/black-pp-11/pp-reprocess-granule-injection-molding,₹ 35,pp
PP GRANULES,https://www.plastic4trade.com/buypost-buyer/pp-granules-38/pp-resin-extrusion,₹ 95,pp
PP FILTER,https://www.plastic4trade.com/buypost-buyer/pp-filter-1/pp-filler-raffia,₹ 31,pp
BL3,https://www.plastic4trade.com/buypost-buyer/all-plastic-dana-1/pp-lumps-injection-molding,₹ 60,pp
BLACK PP,https://www.plastic4trade.com/buypost-buyer/black-pp-10/pp-scrap-blow,₹ 13,pp
POLYCARBONATE GRINDINGS INJECTION AND EX,https://www.plastic4trade.com/buypost-buyer/polycarbonate-grindings-injection-and-ex-1/pp-grinding-injection-molding,₹ 30,pp
COLOR PP,https://www.plastic4trade.com/buypost-buyer/color-pp-1/pp-grinding-mix-scrap,₹ 35,pp
ALL TYPES PP DANA,https://www.plastic4trade.com/buypost-buyer/all-types-pp-dana-9/pp-reprocess-granule-raffia,₹ 60,pp
POLY HANGER,https://www.plastic4trade.com/buypost-buyer/poly-hanger/pp-finish-goods-injection-molding,$ 1,pp
PP,https://www.plastic4trade.com/buypost-buyer/pp-32/pp-prime-virgin-injection-molding,₹ 0,pp
PP GRANULES,https://www.plastic4trade.com/buypost-buyer/pp-granules-37/pp-reprocess-granule-injection-molding,₹ 28,pp
PP WHITE,https://www.plastic4trade.com/buypost-buyer/pp-white/pp-reprocess-granule-injection-molding,₹ 60,pp
ALL TYPE PP SCRAP GRINDING,https://www.plastic4trade.com/buypost-buyer/all-type-pp-scrap-grinding-18/pp-grinding-injection-molding,₹ 50,pp
MILKY PP GRINDING,https://www.plastic4trade.com/buypost-buyer/milky-pp-grinding/pp-grinding-mix-scrap,₹ 47,pp
SCRAP RAFIYA PP,https://www.plastic4trade.com/buypost-buyer/scrap-rafiya-pp-6/pp-scrap-extrusion,₹ 5,pp
PP MILKY WHITE GRANULES,https://www.plastic4trade.com/buypost-buyer/pp-milky-white-granules-8/pp-prime-virgin-injection-molding,₹ 50,pp
PP DANA,https://www.plastic4trade.com/buypost-buyer/pp-dana-18/pp-mix-material-raffia,₹ 60,pp
POLYPROPYLENE,https://www.plastic4trade.com/buypost-buyer/polypropylene/pp-lumps-blow,₹ 20,pp
PP,https://www.plastic4trade.com/buypost-buyer/pp-31/pp-prime-virgin-injection-molding,₹ 100,pp
PP LUMPS,https://www.plastic4trade.com/buypost-buyer/pp-lumps-10/pp-grinding-raffia,₹ 43,pp
ALL PLASTIC DANA,https://www.plastic4trade.com/buypost-buyer/all-plastic-dana-6/pp-prime-virgin-injection-molding,₹ 50,pp
ALL PLASTIC SCRAP,https://www.plastic4trade.com/buypost-buyer/all-plastic-scrap-8/pp-scrap-extrusion,₹ 25,pp
PP GRANULES,https://www.plastic4trade.com/buypost-buyer/pp-granules-34/pp-reprocess-granule-injection-molding,₹ 60,pp
ABS REGRIND,https://www.plastic4trade.com/buypost-buyer/pp-jumbo-bags-scrap-4/pp-scrap-raffia,₹ 25,pp
BLACK PP WHITE PP NATURAL PP,https://www.plastic4trade.com/buypost-buyer/black-pp-white-pp-natural-pp-1/pp-prime-virgin-injection-molding,$ 03,pp
ALL TYPE PP SCRAP GRINDING,https://www.plastic4trade.com/buypost-buyer/all-type-pp-scrap-grinding-17/pp-scrap-injection-molding,₹ 1,pp
ALL TYPE PP SCRAP GRINDING,https://www.plastic4trade.com/buypost-buyer/all-type-pp-scrap-grinding-16/pp-grinding-extrusion,₹ 30,pp
COLOUR PP,https://www.plastic4trade.com/buypost-buyer/colour-pp-7/pp-prime-virgin-injection-molding,₹ 88,pp
PP COLOR CHIPS,https://www.plastic4trade.com/buypost-buyer/pp-color-chips-1/pp-grinding-injection-molding,₹ 25,pp
WHITE PP NATURAL PP,https://www.plastic4trade.com/buypost-buyer/white-pp-natural-pp/pp-scrap-injection-molding,₹ 1,pp
PP LUMPS,https://www.plastic4trade.com/buypost-buyer/pp-lumps-8/pp-reprocess-granule-injection-molding,₹ 25,pp
WHITE PP NATURAL PP PPCP,https://www.plastic4trade.com/buypost-buyer/white-pp-natural-pp-ppcp/pp-grinding-injection-molding,₹ 62,pp
BOTTLE,https://www.plastic4trade.com/buypost-buyer/bottle-3/pp-finish-goods-blow,₹ 00,pp
ALL TYPE PP SCRAP GRINDING,https://www.plastic4trade.com/buypost-buyer/all-type-pp-scrap-grinding-15/pp-scrap-mix-scrap,₹ 10000,pp
PVC CONDUIT PIPE,https://www.plastic4trade.com/buypost-buyer/pvc-conduit-pipe-3/pp-resin-extrusion,₹ 30,pp
ALL TYPE PP SCRAP GRINDING,https://www.plastic4trade.com/buypost-buyer/all-type-pp-scrap-grinding-14/pp-scrap-injection-molding,₹ 45,pp
PP COLOR CHIPS,https://www.plastic4trade.com/buypost-buyer/pp-color-chips/pp-grinding-mix-scrap,₹ 35,pp
WATER TANKS,https://www.plastic4trade.com/buypost-buyer/all-type-pphdpe-scrap-grinding-9/pp-grinding-mix-scrap,₹ 60,pp
PPCP GRINDING MIX COLOR,https://www.plastic4trade.com/buypost-buyer/ppcp-grinding-mix-color-1/pp-mix-material-injection-molding,₹ 25,pp
P P  DANA/GRANUALS,https://www.plastic4trade.com/buypost-buyer/p-p--danagranuals/pp-prime-virgin-extrusion,₹ 60000,pp
ALL GRINDING,https://www.plastic4trade.com/buypost-buyer/all-grinding-1/pp-grinding-mix-scrap,₹ 25,pp
COLOUR PP,https://www.plastic4trade.com/buypost-buyer/colour-pp-6/pp-grinding-mix-scrap,₹ 30,pp
PP CAPS,https://www.plastic4trade.com/buypost-buyer/pp-caps-2/pp-grinding-mix-scrap,₹ 25,pp
ALL TYPES PP DANA,https://www.plastic4trade.com/buypost-buyer/all-types-pp-dana-6/pp-prime-virgin-injection-molding,₹ 50,pp
ALL TYPES PP DANA,https://www.plastic4trade.com/buypost-buyer/all-types-pp-dana-5/pp-scrap-injection-molding,₹ 55,pp
PP RAFFIYA DANA,https://www.plastic4trade.com/buypost-buyer/pp-raffiya-dana-6/pp-prime-virgin-raffia,₹ 98,pp
BLUE DRUM,https://www.plastic4trade.com/buypost-buyer/blue-drum-10/pp-grinding-thermoforming,₹ 10,pp
PP VIRGIN,https://www.plastic4trade.com/buypost-buyer/pp-virgin/pp-prime-virgin-extrusion,₹ 90,pp
ALL PLASTIC,https://www.plastic4trade.com/buypost-buyer/all-plastic-19/pp-prime-virgin-blow,₹ 100,pp
PIPES AND FITTINGS,https://www.plastic4trade.com/buypost-buyer/pipes-and-fittings/pp-resin-pipe,₹ 1,pp
PP GRANULES,https://www.plastic4trade.com/buypost-buyer/pp-granules-29/pp-prime-virgin-blow,₹ 1,pp
PP RAFFIA SCRAP,https://www.plastic4trade.com/buypost-buyer/pp-raffia-scrap/pp-scrap-raffia,₹ 10,pp
ALL TYPE PP SCRAP GRINDING,https://www.plastic4trade.com/buypost-buyer/all-type-pp-scrap-grinding-11/pp-grinding-injection-molding,₹ 44,pp
PP JUMBO BAGS SCRAP,https://www.plastic4trade.com/buypost-buyer/pp-jumbo-bags-scrap-5/pp-scrap-raffia,₹ 20,pp
PET STORAGE DISPENSER 20 LITRE,https://www.plastic4trade.com/buypost-buyer/colour-pp-3/pp-grinding-injection-molding,₹ 33,pp
PP GRINDING,https://www.plastic4trade.com/buypost-buyer/pp-grinding-7/pp-grinding-injection-molding,₹ 44,pp
WHITE PP RAFFIA,https://www.plastic4trade.com/buypost-buyer/white-pp-raffia/pp-baled-raffia,₹ 10,pp
COLOUR PP,https://www.plastic4trade.com/buypost-buyer/colour-pp-5/pp-reprocess-granule-injection-molding,₹ 40,pp
PP DANA,https://www.plastic4trade.com/buypost-buyer/pp-dana-1/pp-reprocess-granule-injection-molding,₹ 60,pp
ALL PLASTIC,https://www.plastic4trade.com/buypost-buyer/all-plastic-16/pp-reprocess-granule-injection-molding,₹ 10000,pp
ALL TYPE PP SCRAP GRINDING,https://www.plastic4trade.com/buypost-buyer/all-type-pp-scrap-grinding-9/pp-reprocess-granule-injection-molding,₹ 80,pp
WHITE PP RAFFIA,https://www.plastic4trade.com/buypost-buyer/white-pp-raffia-1/pp-baled-raffia,₹ 10,pp
ALL TYPES PP DANA,https://www.plastic4trade.com/buypost-buyer/all-types-pp-dana-3/pp-prime-virgin-blow,₹ 90,pp
LD,https://www.plastic4trade.com/buypost-buyer/ld-1/pp-scrap-raffia,₹ 40,pp
PP BAG,https://www.plastic4trade.com/buypost-buyer/pp-bag-6/pp-prime-virgin-pipe,₹ 100,pp
PP RAFFIA SCRAP,https://www.plastic4trade.com/buypost-buyer/pp-raffia-scrap-1/pp-scrap-raffia,₹ 10,pp
"RAFFIA , LD",https://www.plastic4trade.com/buypost-buyer/raffia--ld/pp-scrap-raffia,₹ 00,pp
ALL TYPES PP DANA,https://www.plastic4trade.com/buypost-buyer/all-types-pp-dana-2/pp-scrap-injection-molding,₹ 50000,pp
SYRINGES CUTTING NUTURAL,https://www.plastic4trade.com/buypost-buyer/syringes-cutting-nutural/pp-grinding-injection-molding,₹ 102,pp
ALL TYPE PP SCRAP GRINDING,https://www.plastic4trade.com/buypost-buyer/all-type-pp-scrap-grinding-7/pp-mix-material-mix-scrap,₹ 20,pp
BLACK PP WHITE PP NATURAL PP,https://www.plastic4trade.com/buypost-buyer/black-pp-white-pp-natural-pp/pp-rolls-raffia,₹ 70,pp
ALL TYPE PP SCRAP GRINDING,https://www.plastic4trade.com/buypost-buyer/all-type-pp-scrap-grinding-6/pp-scrap-injection-molding,₹ 50,pp
PP RAFFIA,https://www.plastic4trade.com/buypost-buyer/pp-raffia-5/pp-prime-virgin-raffia,₹ 25,pp
PC ABS NS5000CRT,https://www.plastic4trade.com/buypost-buyer/pp-bag-4/pp-scrap-raffia,₹ 20,pp
HDPE BLOW,https://www.plastic4trade.com/buypost-buyer/pp-raffia-3/pp-baled-raffia,₹ 18,pp
POLYCARBONATE GF,https://www.plastic4trade.com/buypost-buyer/pp-grinding-9/pp-grinding-extrusion,₹ 28,pp
PET BOTTLES BALES,https://www.plastic4trade.com/buypost-buyer/pp-keret-and-khurashi--grinding/pp-grinding-injection-molding,₹ 28,pp
PET BALE,https://www.plastic4trade.com/buypost-buyer/restyle-plastic/pp-reprocess-granule-injection-molding,₹ 50,pp
RP GRANULES,https://www.plastic4trade.com/buypost-buyer/pp-jumbo-bags-scrap-3/pp-scrap-mix-scrap,₹ 28,pp
PP GRANULES,https://www.plastic4trade.com/buypost-buyer/all-palstick-12/pp-grinding-injection-molding,₹ 45,pp
COLD-WASHED PET FLAKES,https://www.plastic4trade.com/buypost-buyer/all-palstick-dana-5/pp-lumps-injection-molding,₹ 60,pp
BLACK PP DANA,https://www.plastic4trade.com/buypost-buyer/all-type-pphdpe-scrap-grinding-8/pp-scrap-extrusion,₹ 1,pp
ABS GRANULES,https://www.plastic4trade.com/buypost-buyer/all-type-pp-scrap-grinding-2/pp-off-grade-injection-molding,₹ 60,pp
HDPE BLUE DRUM GRINDING,https://www.plastic4trade.com/buypost-buyer/black-pp-cp-granules-1/pp-scrap-injection-molding,₹ 45,pp
LDPE RECYCLED GRANULES,https://www.plastic4trade.com/buypost-buyer/all-type-pp-scrap-grinding-1/pp-grinding-injection-molding,₹ 33,pp
PP BAG,https://www.plastic4trade.com/buypost-buyer/pp-bag-1/pp-prime-virgin-injection-molding,₹ 90,pp
BLACK PP DANA,https://www.plastic4trade.com/buypost-buyer/pp-raffia-2/pp-baled-raffia,₹ 00,pp
"HDPE BLUE DRUM, COTING, CRATES GRINDING",https://www.plastic4trade.com/buypost-buyer/pp-granules-25/pp-prime-virgin-injection-molding,₹ 102,pp
PLASTIC PIPES,https://www.plastic4trade.com/buypost-buyer/pp-natural-17/pp-masterbatch-injection-molding,₹ 36002,pp
PP CAPS,https://www.plastic4trade.com/buypost-buyer/cyldrical-parts-wuth-cap/pp-resin-injection-molding,₹ 15,pp
HDPE,https://www.plastic4trade.com/buypost-buyer/pp-dana-11/pp-reprocess-granule-raffia,₹ 55,pp
POLYME,https://www.plastic4trade.com/buypost-buyer/granules/pp-prime-virgin-injection-molding,₹ 90,pp
PET BOTTLES BALES,https://www.plastic4trade.com/buypost-buyer/black-pp-4/pp-grinding-injection-molding,₹ 33,pp
LLDPE COATING,https://www.plastic4trade.com/buypost-buyer/pp-bag-3/pp-scrap-raffia,₹ 65,pp
ABS GRANULES,https://www.plastic4trade.com/buypost-buyer/black-pp-2/pp-scrap-injection-molding,₹ 60,pp
LDPE FILM GRADE,https://www.plastic4trade.com/buypost-buyer/ldpe-film-grade-5/pp-resin-injection-molding,₹ 0,pp
SHOES,https://www.plastic4trade.com/buypost-buyer/pp-screp/pp-scrap-injection-molding,₹ 20,pp
"HDPE BLUE DRUM, COTING, CRATES GRINDING",https://www.plastic4trade.com/buypost-buyer/pp-hd-grinding-1/pp-grinding-injection-molding,₹ 45,pp
ACRYLIC SHEETS,https://www.plastic4trade.com/buypost-buyer/all-plastic-10/pp-prime-virgin-raffia,₹ 88,pp
PC AND ABS SCRAP,https://www.plastic4trade.com/buypost-buyer/pp-dana-10/pp-reprocess-granule-injection-molding,₹ 35,pp
SCRAP,https://www.plastic4trade.com/buypost-buyer/scrap-2/pp-scrap-film-grade,₹ 45,pp
SCRAP,https://www.plastic4trade.com/buypost-buyer/pp-dana-9/pp-reprocess-granule-injection-molding,₹ 1,pp
HDPE CRATE SCRAP,https://www.plastic4trade.com/buypost-buyer/hdpe-crate-scrap-1/pp-scrap-injection-molding,$ 300,pp
TOYS,https://www.plastic4trade.com/buypost-buyer/pp-dana-6/pp-prime-virgin-injection-molding,₹ 108,pp
MULTIFILAMENT YARN,https://www.plastic4trade.com/buypost-buyer/plastic-pot/pp-reprocess-granule-injection-molding,₹ 40,pp
PLASTIC GRANUALS,https://www.plastic4trade.com/buypost-buyer/plastic-granuals-9/pp-reprocess-granule-injection-molding,₹ 75,pp
RAFFIA LUMPS,https://www.plastic4trade.com/buypost-buyer/raffia-lumps-1/pp-scrap-injection-molding,₹ 50,pp
POM,https://www.plastic4trade.com/buypost-buyer/plastic-granules-1/pp-prime-virgin-injection-molding,₹ 90,pp
PLASTIC RAW MATERIALS,https://www.plastic4trade.com/buypost-buyer/pp-dana-4/pp-flacks-raffia,₹ 60,pp
PP NEXT TO VIRGIN GRANULES,https://www.plastic4trade.com/buypost-buyer/pp-next-to-virgin-granules-2/pp-reprocess-granule-film-grade,₹ 50,pp
RIGID PVC PIPES,https://www.plastic4trade.com/buypost-buyer/pp-granules-19/pp-prime-virgin-raffia,₹ 80,pp
GPPS,https://www.plastic4trade.com/buypost-buyer/pp-natural-16/pp-prime-virgin-injection-molding,₹ 90,pp
PET BALE,https://www.plastic4trade.com/buypost-buyer/pp-24/pp-prime-virgin-injection-molding,₹ 70,pp
PP,https://www.plastic4trade.com/buypost-buyer/pp-23/pp-prime-virgin-injection-molding,₹ 85,pp
PP,https://www.plastic4trade.com/buypost-buyer/pp-dana-2/pp-prime-virgin-injection-molding,₹ 85,pp
HCHB,https://www.plastic4trade.com/buypost-buyer/pp-roll-3/pp-rolls-raffia,₹ 80,pp
LD FLIM,https://www.plastic4trade.com/buypost-buyer/all-plastic-8/pp-grinding-blow,₹ 35,pp
PP GRANULES,https://www.plastic4trade.com/buypost-buyer/milky-natural-granules-roll-scrap-2/pp-grinding-blow,₹ 26,pp
BOTTLE CAP,https://www.plastic4trade.com/buypost-buyer/bottle-cap-4/pp-grinding-injection-molding,₹ 40000,pp
PET BOTTLE CRUSH,https://www.plastic4trade.com/buypost-buyer/pp-granules-16/pp-reprocess-granule-film-grade,₹ 93,pp
VIVEK GOYAL,https://www.plastic4trade.com/buypost-buyer/black-pp-dana-3/pp-prime-virgin-injection-molding,₹ 45,pp
PP GRANULES,https://www.plastic4trade.com/buypost-buyer/pp-granules-8/pp-floor-sweeping-injection-molding,₹ 96,pp
POLYAMIDE 6,https://www.plastic4trade.com/buypost-buyer/pp-18/pp-grinding-injection-molding,€ 0,pp
LD FLIM,https://www.plastic4trade.com/buypost-buyer/pp-17/pp-rolls-injection-molding,₹ 110,pp
PP,https://www.plastic4trade.com/buypost-buyer/pp-caps/pp-scrap-blow,€ 450,pp
PP GRANULES,https://www.plastic4trade.com/buypost-buyer/all-type-pphdpe-scrap-grinding-1/pp-off-grade-injection-molding,₹ 10000,pp
PP GRANULES,https://www.plastic4trade.com/buypost-buyer/all-type-pphdpe-scrap-grinding/pp-grinding-injection-molding,₹ 50,pp
KAOFULEX GPS 525,https://www.plastic4trade.com/buypost-buyer/pp-16/pp-reprocess-granule-thermoforming,$ 1,pp
HDPE BLUE DRUM GRINDING,https://www.plastic4trade.com/buypost-buyer/injection-moulding/pp-reprocess-granule-injection-molding,₹ 70,pp
BOPP NATURAL DANA,https://www.plastic4trade.com/buypost-buyer/bopp-natural-dana-1/pp-prime-virgin-blow,₹ 80,pp
HDPE BLOWING GRADE REPROCESS GRANULES,https://www.plastic4trade.com/buypost-buyer/pp-15/pp-resin-extrusion,₹ 120,pp
LDPE REPROCESS GRANULES,https://www.plastic4trade.com/buypost-buyer/yes/pp-flacks-injection-molding,$ 0000,pp
HIPS,https://www.plastic4trade.com/buypost-buyer/pp-11/pp-prime-virgin-raffia,₹ 99,pp
PP GRANULES,https://www.plastic4trade.com/buypost-buyer/pp-9/pp-prime-virgin-injection-molding,$ 25,pp
PVC SCRAP,https://www.plastic4trade.com/buypost-buyer/pp-roll-1/pp-rolls-raffia,₹ 5,pp
PET LAMS,https://www.plastic4trade.com/buypost-buyer/off-grades/pp-off-grade-extrusion,$ 80,pp
PP GRANULES,https://www.plastic4trade.com/buypost-buyer/pp-granules-46/pp-lumps-raffia,₹ 102,pp
DANA,https://www.plastic4trade.com/buypost-buyer/pvrx/pp-grinding-blow,$ 1,pp
PP NON-WOVEN,https://www.plastic4trade.com/buypost-buyer/cooler/pp-prime-virgin-injection-molding,₹ 1,pp
PLASTIC DANA,https://www.plastic4trade.com/buypost-buyer/pp-raffya-3/pp-baled-raffia,₹ 18,pp
HD GRINDING,https://www.plastic4trade.com/buypost-buyer/pp-grinding-1/pp-grinding-injection-molding,₹ 90,pp
PVC,https://www.plastic4trade.com/buypost-buyer/pp-raffya-2/pp-scrap-raffia,₹ 22,pp
LL,https://www.plastic4trade.com/buypost-buyer/pp-natural-14/pp-scrap-film-grade,₹ 100,pp
PP RAFFIA,https://www.plastic4trade.com/buypost-buyer/pp-raffia-9/pp-baled-raffia,₹ 15,pp
PP NATURAL,https://www.plastic4trade.com/buypost-buyer/plastic-scrap-2/pp-reprocess-granule-injection-molding,₹ 40,pp
LD MOULDING,https://www.plastic4trade.com/buypost-buyer/pp-milky-white-granules-1/pp-reprocess-granule-injection-molding,₹ 75,pp
PET FLAKES,https://www.plastic4trade.com/buypost-buyer/pp-6/pp-reprocess-granule-injection-molding,₹ 0,pp
PPCP BLUE,https://www.plastic4trade.com/buypost-buyer/pp-natural-8/pp-grinding-film-grade,₹ 50,pp
HDPE GRANULES,https://www.plastic4trade.com/buypost-buyer/reprocessed--granules-2/pp-reprocess-granule-raffia,₹ 0,pp
PVC,https://www.plastic4trade.com/buypost-buyer/pp-jumbo-bags-scrap/pp-baled-raffia,₹ 20,pp
HDPE,https://www.plastic4trade.com/buypost-buyer/pp-3/pp-scrap-raffia,₹ 1,pp
PP NATURAL,https://www.plastic4trade.com/buypost-buyer/pp-natural-2/pp-prime-virgin-injection-molding,₹ 60,pp
PP NATURAL,https://www.plastic4trade.com/buypost-buyer/milky-natural-granules-roll-scrap-1/pp-grinding-injection-molding,$ 45,pp
PP NATURAL,https://www.plastic4trade.com/buypost-buyer/pp-lumps-post-2/pp-lumps-raffia,₹ 55,pp
BLUE DRUM DANA,https://www.plastic4trade.com/buypost-buyer/pp-1/pp-grinding-injection-molding,₹ 100,pp
P.P.,https://www.plastic4trade.com/buypost-buyer/pp/pp-grinding-injection-molding,₹ 40,pp
HDPE,https://www.plastic4trade.com/buypost-buyer/hdpe-49/pp-grinding-injection-molding,₹ 21,pp
HDPE,https://www.plastic4trade.com/buypost-buyer/hdpe-49/pp-grinding-injection-molding,₹ 123,pp
PP POWDER SELL,https://www.plastic4trade.com/buypost-buyer/milky/pp-grinding-injection-molding,£ 98,pp
ALL PLASTIC,https://www.plastic4trade.com/buypost-buyer/all-plastic-33/pp-resin-film-grade,$ 900,pp
ALL PLASTIC,https://www.plastic4trade.com/buypost-buyer/all-plastic-33/pp-prime-virgin-injection-molding,₹ 90,pp
